hsa_id,name,ownership,address,street,postal_code,city,lan_code,lat,lon,has_coordinates,phone,phone_international,care_type_tags,url_1177,coord_source,fetched_at
SE2321000115-O74159,"Adhd-mottagningen, Halmstad",Region,"Vindrosvägen 4, Halmstad",Vindrosvägen 4,,Halmstad,13,56.6671970282167,12.8565178999937,True,035-13 48 87,+4635134887,Bup;,https://www.1177.se/hitta-vard/kontaktkort/Adhd-mottagningen-Halmstad/,1177_api_2026-08-26,2026-08-26
SE2321000131-E000000012812,"Akutmottagning BUP NÄL, Trollhättan",Region,"Lärketorpsvägen 20, 461 73, Trollhättan",Lärketorpsvägen 20,461 73,Trollhättan,14,58.3187559541827,12.2674727782447,True,010-435 17 00,+46104351700,Bup;,https://www.1177.se/hitta-vard/kontaktkort/Akutmottagning-BUP-NAL-Trollhattan/,1177_api_2026-08-26,2026-08-26
SE2321000131-E000000010868,"Akutmottagning BUP, Borås",Region,"Brämhultsvägen 53, 504 55, Borås",Brämhultsvägen 53,504 55,Borås,14,57.7245807823562,12.964097191844,True,033-616 20 90,+46336162090,Bup;,https://www.1177.se/hitta-vard/kontaktkort/Akutmottagning-BUP-Boras/,1177_api_2026-08-26,2026-08-26
SE162321000024-0036179,"Akutmottagningen för barn- och ungdomspsykiatri, Uppsala",Region,"Akademiska sjukhuset, Ingång 10",Akademiska sjukhuset,,Ingång 10,03,59.8518274035758,17.6377033634014,True,018-611 25 42,+46186112542,Bup;,https://www.1177.se/hitta-vard/kontaktkort/Akutmottagningen-for-barn-och-ungdomspsykiatri-Uppsala/,1177_api_2026-08-26,2026-08-26
SE2321000065-7330028047767,"Akutpsykiatriska avdelningen barn unga vuxna, Växjö",Region,"Sigfridsområdet, Jacob Lundhs väg 4, 352 57 Växjö",Sigfridsområdet,352 57,Växjö,07,56.8678950790684,14.8257844035587,True,0470-58 61 00,+46470586100,Bup;,https://www.1177.se/hitta-vard/kontaktkort/Akutpsykiatriska-avdelningen-barn-unga-vuxna-Vaxjo/,1177_api_2026-08-26,2026-08-26
SE2321000040-8V9B,"Aleris BUP Linköping, Aleris Psykiatri",Privat,"S:t Larsgatan 3 (våning 5), Linköping",S:t Larsgatan 3 (våning 5),,Linköping,05,58.4165070264224,15.6229791332187,True,010-173 17 40,+46101731740,Bup;,https://www.1177.se/hitta-vard/kontaktkort/Aleris-BUP-Linkoping-Aleris-Psykiatri/,1177_api_2026-08-26,2026-08-26
SE2321000040-8V9C,"Aleris BUP Norrköping, Aleris Psykiatri",Privat,"Slottsgatan 69 (våning 3), Norrköping",Slottsgatan 69 (våning 3),,Norrköping,05,58.5958292269562,16.191919601117,True,010-173 17 40,+46101731740,Bup;,https://www.1177.se/hitta-vard/kontaktkort/Aleris-BUP-Norrkoping-Aleris-Psykiatri/,1177_api_2026-08-26,2026-08-26
SE162321000024-0055302,"Alex Psykiatri & Terapi AB, Uppsala",Privat,"Drottninggatan 12, Uppsala",Drottninggatan 12,,Uppsala,03,59.8566861070523,17.6350076024455,True,073-408 09 34,+46734080934,Bup;,https://www.1177.se/hitta-vard/kontaktkort/Alex-Psykiatri-och-Terapi-AB-Uppsala/,1177_api_2026-08-26,2026-08-26
SE2321000065-7330028127896,"Allmänpsykiatrin småbarn 0-6 år, Växjö",Region,"Västra Esplanaden 9 A, 351 85 Växjö",Västra Esplanaden 9 A,351 85,Växjö,07,56.8812789055061,14.8012715086598,True,0470-58 61 10,+46470586110,"Psykologverksamhet, barn och ungdom;1033;Bup;",https://www.1177.se/hitta-vard/kontaktkort/Allmanpsykiatrin-smabarn-0-6-ar-Vaxjo/,1177_api_2026-08-26,2026-08-26
SE2321000065-7330028003138,"Allmänpsykiatriska mottagningen barn och unga Ljungby, Ljungby",Region,"Kungshögsgatan 25, Ljungby",Kungshögsgatan 25,,Ljungby,07,56.8353449689204,13.9352136498297,True,0372-58 59 20,+46372585920,"Psykologverksamhet, barn och ungdom;1033;Bup;",https://www.1177.se/hitta-vard/kontaktkort/Allmanpsykiatriska-mottagningen-barn-och-unga-Ljungby-Ljungby/,1177_api_2026-08-26,2026-08-26
SE2321000065-7330028070499,"Allmänpsykiatriska mottagningen barn och unga Växjö, Växjö",Region,"Västra Esplanaden 9 A, Växjö",Västra Esplanaden 9 A,,Växjö,07,56.8812789055061,14.8012715086598,True,0470-58 61 10,+46470586110,"Psykologverksamhet, barn och ungdom;1033;Bup;",https://www.1177.se/hitta-vard/kontaktkort/Allmanpsykiatriska-mottagningen-barn-och-unga-Vaxjo-Vaxjo/,1177_api_2026-08-26,2026-08-26
SE2321000057-4PW1,Anorexienheten Länssjukhuset Ryhov,Region,,,,,06,57.7699739645534,14.1979900318023,True,010-242 31 32,+46102423132,Bup;,https://www.1177.se/hitta-vard/kontaktkort/Anorexienheten-Lanssjukhuset-Ryhov/,1177_api_2026-08-26,2026-08-26
SE2321000131-E000000019196,"Avancerad barnsjukvård i hemmet psykiatri, Göteborg",Region,"Torpagatan 26, 416 44, Göteborg",Torpagatan 26,416 44,Göteborg,14,57.7187867410981,12.036456351474,True,010-441 00 00,+46104410000,Bup;,https://www.1177.se/hitta-vard/kontaktkort/Avancerad-barnsjukvard-i-hemmet-psykiatri-Goteborg/,1177_api_2026-08-26,2026-08-26
SE2321000230-E02334,Avd 40D Barn- och ungdomspsykiatri Sunderby sjukhus,Region,"Barn- och ungdomspsykiatri avd 40D, Sunderby sjukhus, 971 80 Luleå",Barn- och ungdomspsykiatri avd 40D,971 80,Luleå,25,,,False,0920-28 40 00,+46920284000,Bup;,https://www.1177.se/hitta-vard/kontaktkort/Avd-40D-Barn-och-ungdomspsykiatri-Sunderby-sjukhus/,,2026-08-26
SE2321000115-O49583,Avdelning 25 Bup Halmstad,Region,"Vindrosvägen 4, Halmstad",Vindrosvägen 4,,Halmstad,13,56.6674342724849,12.8540189878378,True,035-13 10 25,+4635131025,Bup;,https://www.1177.se/hitta-vard/kontaktkort/Avdelning-25-BUP-Halmstad/,1177_api_2026-08-26,2026-08-26
SE2321000040-4H34,"Avdelning S102 BUP, Barn och ungdomspsykiatriska kliniken US",Region,"Universitetssjukhuset, Ingång 29, Linköping",Universitetssjukhuset,,Linköping,05,58.4001674775444,15.6230810584331,True,010-103 11 40,+46101031140,Bup;,https://www.1177.se/hitta-vard/kontaktkort/Avdelning-S102-BUP-Barn-och-ungdomspsykiatriska-kliniken-US/,1177_api_2026-08-26,2026-08-26
SE2321000230-E02344,Barn och ungas psykiska hälsa - en väg in,Region,All kontakt med En väg in sker över telefon.,All kontakt med En väg in sker över telefon.,,All kontakt med En väg in sker över telefon.,,,,False,010-452 63 64,+46104526364,Bup;,https://www.1177.se/hitta-vard/kontaktkort/Barn-och-ungas-psykiska-halsa-en-vag-in/,,2026-08-26
SE2321000040-6V2V,"Barn och ungdomspsykiatri Mjölby, Kry Psykiatri Barn och Ungdom",Privat,"Kungsvägen 57, Mjölby",Kungsvägen 57,,Mjölby,05,58.3260752556249,15.1295048802125,True,010-205 01 00,+46102050100,Bup;,https://www.1177.se/hitta-vard/kontaktkort/Barn-och-ungdomspsykiatri-Mjolby-Kry-Psykiatri-Barn-och-Ungdom/,1177_api_2026-08-26,2026-08-26
SE2321000040-6V2T,"Barn och ungdomspsykiatri Motala, Kry Psykiatri Barn och Ungdom",Privat,"Repslagaregatan 3, Motala",Repslagaregatan 3,,Motala,05,58.535659289405,15.0354383691845,True,010-205 01 00,+46102050100,Bup;,https://www.1177.se/hitta-vard/kontaktkort/Barn-och-ungdomspsykiatri-Motala-Kry-Psykiatri-Barn-och-Ungdom/,1177_api_2026-08-26,2026-08-26
SE2321000040-4G2W,"Barn och ungdomspsykiatriska kliniken US, Linköping",Region,"Universitetssjukhuset, Tinnerbäckshuset, ingång 30, Linköping",Universitetssjukhuset,,Linköping,05,58.4001674775444,15.6230810584331,True,010-105 96 75,+46101059675,Bup;,https://www.1177.se/hitta-vard/kontaktkort/Barn-och-ungdomspsykiatriska-kliniken-US-Linkoping/,1177_api_2026-08-26,2026-08-26
SE2321000172-39CC,Barn- och ungdomshälsan,Region,,,,,,,,False,021-17 34 74,+4621173474,"Psykologverksamhet, barn och ungdom;1033;Bup;",https://www.1177.se/hitta-vard/kontaktkort/Barn-och-ungdomshalsan/,,2026-08-26
SE2321000065-7330028589984,"Barn- och ungdomshälsan 6-18 år Ljungby, Ljungby",Region,"Barn- och ungdomsmottagningen, Ljungby sjukhus, Kungshögshallen plan 5, Kungshögsgatan 25.",Barn- och ungdomsmottagningen,,Kungshögsgatan 25.,07,56.8353449689204,13.9352136498297,True,0470-58 20 30,+46470582030,"Psykologverksamhet, barn och ungdom;1033;Bup;",https://www.1177.se/hitta-vard/kontaktkort/Barn-och-ungdomshalsan-6-18-ar-Ljungby-Ljungby/,1177_api_2026-08-26,2026-08-26
SE2321000065-7330028069400,"Barn- och ungdomshälsan 6-18 år Växjö, Växjö",Region,"Västra Esplanaden 9 A, plan 2, 352 31 Växjö",Västra Esplanaden 9 A,352 31,Växjö,07,56.8812789055061,14.8012715086598,True,0470-58 20 30,+46470582030,"Psykologverksamhet, barn och ungdom;1033;Bup;",https://www.1177.se/hitta-vard/kontaktkort/Barn-och-ungdomshalsan-6-18-ar-Vaxjo-Vaxjo/,1177_api_2026-08-26,2026-08-26
SE2321000172-3D9S,Barn- och ungdomshälsan Fagersta,Region,"Västmanlands sjukhus Fagersta, våning 2, Floragatan 1, Fagersta",Västmanlands sjukhus Fagersta,,Fagersta,19,59.9968276295658,15.8092183897257,True,021-17 34 74,+4621173474,"Psykologverksamhet, barn och ungdom;1033;Bup;",https://www.1177.se/hitta-vard/kontaktkort/Barn-och-ungdomshalsan-Fagersta/,1177_api_2026-08-26,2026-08-26
SE162321000024-0079384,Barn- och ungdomshälsan i Bålsta,Region,"Centrumleden 2, BÅLSTA",Centrumleden 2,,BÅLSTA,03,59.5676329895961,17.5282614527074,True,018-617 61 70,+46186176170,"Psykologverksamhet, barn och ungdom;1033;Bup;",https://www.1177.se/hitta-vard/kontaktkort/Barn-och-ungdomshalsan-i-Balsta/,1177_api_2026-08-26,2026-08-26
SE162321000024-0073718,Barn- och ungdomshälsan i Enköping,Region,"Linbanegatan 10, Enköping",Linbanegatan 10,,Enköping,03,59.6457619143808,17.0774011776332,True,018-617 61 70,+46186176170,"Psykologverksamhet, barn och ungdom;1033;Bup;",https://www.1177.se/hitta-vard/kontaktkort/Barn-och-ungdomshalsan-i-Enkoping/,1177_api_2026-08-26,2026-08-26
SE162321000024-0073720,Barn- och ungdomshälsan i Gimo,Region,"Gimo Torg 6 (vårdcentralen), Gimo",Gimo Torg 6 (vårdcentralen),,Gimo,03,60.1724735629515,18.1852578667256,True,018-617 61 70,+46186176170,"Psykologverksamhet, barn och ungdom;1033;Bup;",https://www.1177.se/hitta-vard/kontaktkort/Barn-och-ungdomshalsan-i-Gimo/,1177_api_2026-08-26,2026-08-26
SE162321000024-0079385,Barn- och ungdomshälsan i Heby,Region,"Norra Järnvägsg 2C, 74432 HEBY",Norra Järnvägsg 2C,744 32,HEBY,03,59.9411061837762,16.8558001586817,True,018-617 61 70,+46186176170,"Psykologverksamhet, barn och ungdom;1033;Bup;",https://www.1177.se/hitta-vard/kontaktkort/Barn-och-ungdomshalsan-i-Heby/,1177_api_2026-08-26,2026-08-26
SE162321000024-0073716,Barn- och ungdomshälsan i Knivsta,Region,"Ängsbyvägen 6A (vårdcentralen), Knivsta",Ängsbyvägen 6A (vårdcentralen),,Knivsta,03,59.7242883925651,17.7852708696593,True,018-617 61 70,+46186176170,"Psykologverksamhet, barn och ungdom;1033;Bup;",https://www.1177.se/hitta-vard/kontaktkort/Barn-och-ungdomshalsan-i-Knivsta/,1177_api_2026-08-26,2026-08-26
SE162321000024-0073717,Barn- och ungdomshälsan i Tierp,Region,"Bangårdsgatan 6, Tierp",Bangårdsgatan 6,,Tierp,03,60.3437863279989,17.5189120034346,True,018-617 61 70,+46186176170,"Psykologverksamhet, barn och ungdom;1033;Bup;",https://www.1177.se/hitta-vard/kontaktkort/Barn-och-ungdomshalsan-i-Tierp/,1177_api_2026-08-26,2026-08-26
SE162321000024-0073721,Barn- och ungdomshälsan i Östervåla,Region,"Skolgatan 1, Östervåla",Skolgatan 1,,Östervåla,03,60.1830217604855,17.1742766721146,True,018-617 61 70,+46186176170,"Psykologverksamhet, barn och ungdom;1033;Bup;",https://www.1177.se/hitta-vard/kontaktkort/Barn-och-ungdomshalsan-i-Ostervala/,1177_api_2026-08-26,2026-08-26
SE162321000024-0073719,Barn- och ungdomshälsan i Östhammar,Region,"Lasarettsvägen 1 (Vårdcentralen), Östhammar",Lasarettsvägen 1 (Vårdcentralen),,Östhammar,03,60.2575323076528,18.3677040466667,True,018-617 61 70,+46186176170,"Psykologverksamhet, barn och ungdom;1033;Bup;",https://www.1177.se/hitta-vard/kontaktkort/Barn-och-ungdomshalsan-i-Osthammar/,1177_api_2026-08-26,2026-08-26
SE2321000057-9PB4,Barn- och ungdomshälsan Jönköping,Region,"Huskvarna vårdcentrum, Jönköpingsvägen 19, Huskvarna",Huskvarna vårdcentrum,,Huskvarna,06,57.789813732156,14.2728268982913,True,010-241 10 30,+46102411030,Bup;,https://www.1177.se/hitta-vard/kontaktkort/Barn-och-ungdomshalsan-Jonkoping/,1177_api_2026-08-26,2026-08-26
SE2321000073-ZB25,Barn- och ungdomshälsan Kalmar,Region,"Skeppsbrogatan 47, Kalmar",Skeppsbrogatan 47,,Kalmar,08,56.6639682372981,16.3699079839679,True,010-358 34 80,+46103583480,"Psykologverksamhet, barn och ungdom;1033;Bup;",https://www.1177.se/hitta-vard/kontaktkort/Barn-och-ungdomshalsan-Kalmar/,1177_api_2026-08-26,2026-08-26
SE2321000172-39CF,Barn- och ungdomshälsan Köping,Region,"Västmanlands sjukhus Köping, ingång 13, Glasgatan 27, Köping",Västmanlands sjukhus Köping,,Köping,19,59.5097136237474,16.004588443498,True,021-17 34 74,+4621173474,"Psykologverksamhet, barn och ungdom;1033;Bup;",https://www.1177.se/hitta-vard/kontaktkort/Barn-och-ungdomshalsan-Koping/,1177_api_2026-08-26,2026-08-26
SE2321000057-9PB6,Barn- och ungdomshälsan Nässjö,Region,"Nässjö vårdcentrum, Skansgatan 9, hus 09",Nässjö vårdcentrum,,hus 09,06,57.6549848649588,14.714056635426,True,010-241 10 30,+46102411030,Bup;,https://www.1177.se/hitta-vard/kontaktkort/Barn-och-ungdomshalsan-Nassjo/,1177_api_2026-08-26,2026-08-26
SE2321000172-3RC6,Barn- och ungdomshälsan Sala,Region,"Västmanlands sjukhus Sala, ingång 1, plan 4, Järnvägsgatan 7A, Sala",Västmanlands sjukhus Sala,,Sala,19,59.925593245114,16.6004728537,True,021-17 34 74,+4621173474,"Psykologverksamhet, barn och ungdom;1033;Bup;",https://www.1177.se/hitta-vard/kontaktkort/Barn-och-ungdomshalsan-Sala/,1177_api_2026-08-26,2026-08-26
SE2321000057-9PB7,Barn- och ungdomshälsan Värnamo,Region,"Lasarettsgatan 3B, Värnamo",Lasarettsgatan 3B,,Värnamo,06,57.1855032201994,14.0414997216416,True,010-241 10 30,+46102411030,Bup;,https://www.1177.se/hitta-vard/kontaktkort/Barn-och-ungdomshalsan-Varnamo/,1177_api_2026-08-26,2026-08-26
SE2321000073-ZB26,Barn- och ungdomshälsan Västervik,Region,"Kvarngatan 12, Västervik",Kvarngatan 12,,Västervik,08,57.758261490962,16.6405949871621,True,010-358 34 80,+46103583480,"Psykologverksamhet, barn och ungdom;1033;Bup;",https://www.1177.se/hitta-vard/kontaktkort/Barn-och-ungdomshalsan-Vastervik/,1177_api_2026-08-26,2026-08-26
SE2321000172-39CD,Barn- och ungdomshälsan Västerås,Region,"Våning 2, Västgötegatan 4A, Västerås",Våning 2,,Västerås,19,59.6080182537337,16.5420612856445,True,021-17 34 74,+4621173474,"Psykologverksamhet, barn och ungdom;1033;Bup;",https://www.1177.se/hitta-vard/kontaktkort/Barn-och-ungdomshalsan-Vasteras/,1177_api_2026-08-26,2026-08-26
SE162321000024-0069365,"Barn- och ungdomshälsan, Uppsala",Region,"S:t Olofsgatan 9B, Uppsala",S:t Olofsgatan 9B,,Uppsala,03,59.8606241796382,17.6345990232161,True,018-617 61 70,+46186176170,"Psykologverksamhet, barn och ungdom;1033;Bup;",https://www.1177.se/hitta-vard/kontaktkort/Barn-och-ungdomshalsan-Uppsala/,1177_api_2026-08-26,2026-08-26
SE2321000180-4730,"Barn- och ungdomspsykiatri Dalarna, Avdelning 68 Barn- och ungdomspsykiatri Falun",Region,"Psilanders väg 4, Falu lasarett",Psilanders väg 4,,Falu lasarett,20,60.6097985847994,15.6439284348065,True,023-49 20 70,+4623492070,Bup;,https://www.1177.se/hitta-vard/kontaktkort/Barn-och-ungdomspsykiatri-Dalarna-Avdelning-68-Barn-och-ungdomspsykiatri-Falun/,1177_api_2026-08-26,2026-08-26
SE2321000222-0000301,Barn- och ungdomspsykiatri mottagning Lycksele,Region,"Lycksele sjukhus, 921 82 Lycksele",Lycksele sjukhus,921 82,Lycksele,24,64.5848903578178,18.6792308734976,True,090-785 93 93,+46907859393,Bup;,https://www.1177.se/hitta-vard/kontaktkort/Barn-och-ungdomspsykiatri-mottagning-Lycksele/,1177_api_2026-08-26,2026-08-26
SE2321000222-0000300,Barn- och ungdomspsykiatri mottagning Skellefteå,Region,"Skelleftehamnsvägen 206 F, 932 35 Ursviken",Skelleftehamnsvägen 206 F,932 35,Ursviken,24,64.698652224355,21.189435109137,True,090-785 93 93,+46907859393,Bup;,https://www.1177.se/hitta-vard/kontaktkort/Barn-och-ungdomspsykiatri-mottagning-Skelleftea/,1177_api_2026-08-26,2026-08-26
SE2321000222-0000302,Barn- och ungdomspsykiatri mottagning Umeå,Region,"Akutvägen 4C, Norrlands universitetssjukhus, 907 37 Umeå",Akutvägen 4C,907 37,Umeå,24,63.8166287113838,20.2971103658472,True,090-785 93 93,+46907859393,Bup;,https://www.1177.se/hitta-vard/kontaktkort/Barn-och-ungdomspsykiatri-mottagning-Umea/,1177_api_2026-08-26,2026-08-26
SE162321000255-O23483,Barn- och ungdomspsykiatri Viktoriagården Malmö,Region,"Beritta Gurrisgatan 17, Malmö",Beritta Gurrisgatan 17,,Malmö,12,55.5989819150912,12.9623664901919,True,072-465 74 20,+46724657420,"Psykologverksamhet, barn och ungdom;1033;Bup;",https://www.1177.se/hitta-vard/kontaktkort/Barn-och-ungdomspsykiatri-Viktoriagarden-Malmo/,1177_api_2026-08-26,2026-08-26
SE162321000156-3QBZ,"Barn- och ungdomspsykiatri, Karlstad",Region,"Lagergrens gata 3, Karlstad",Lagergrens gata 3,,Karlstad,17,59.3731039451884,13.5093785809969,True,010-831 83 00,+46108318300,Bup;,https://www.1177.se/hitta-vard/kontaktkort/Barn-och-ungdomspsykiatri-Karlstad/,1177_api_2026-08-26,2026-08-26
SE162321000255-O31366,Barn- och ungdomspsykiatriavdelning 1 Malmö,Region,"Sticklingvägen 19, Malmö",Sticklingvägen 19,,Malmö,12,55.5695564506499,12.9605775911712,True,040-33 71 39,+4640337139,Bup;,https://www.1177.se/hitta-vard/kontaktkort/Barn-och-ungdomspsykiatriavdelning-1-Malmo/,1177_api_2026-08-26,2026-08-26
SE162321000255-O28158,Barn- och ungdomspsykiatriavdelning 2 Malmö,Region,"Sticklingvägen 19, Malmö",Sticklingvägen 19,,Malmö,12,55.5695564506499,12.9605775911712,True,040-33 17 12,+4640331712,"Psykologverksamhet, barn och ungdom;1033;Bup;",https://www.1177.se/hitta-vard/kontaktkort/Barn-och-ungdomspsykiatriavdelning-2-Malmo/,1177_api_2026-08-26,2026-08-26
SE162321000255-O23615,Barn- och ungdomspsykiatrimottagning 0-5 år Trelleborg,Region,"Algatan 27, Trelleborg",Algatan 27,,Trelleborg,12,55.3741034137815,13.1552181154531,True,076-648 62 00,+46766486200,Bup;,https://www.1177.se/hitta-vard/kontaktkort/Barn-och-ungdomspsykiatrimottagning-0-5-ar-Trelleborg/,1177_api_2026-08-26,2026-08-26
SE162321000255-O26300,Barn- och ungdomspsykiatrimottagning 1 Lund,Region,"Sofiavägen 2E, Lund",Sofiavägen 2E,,Lund,12,55.716869548502,13.1992224592527,True,046-17 44 35,+4646174435,Bup;,https://www.1177.se/hitta-vard/kontaktkort/Barn-och-ungdomspsykiatrimottagning-1-Lund/,1177_api_2026-08-26,2026-08-26
SE162321000255-O23479,Barn- och ungdomspsykiatrimottagning 1 Malmö,Region,"Cronquists gata 4D, Malmö",Cronquists gata 4D,,Malmö,12,55.5836930641191,13.0007856593982,True,040-33 16 70,+4640331670,Bup;,https://www.1177.se/hitta-vard/kontaktkort/Barn-och-ungdomspsykiatrimottagning-1-Malmo/,1177_api_2026-08-26,2026-08-26
SE162321000255-O26301,Barn- och ungdomspsykiatrimottagning 2 Lund,Region,"Sofiavägen 2H, Lund",Sofiavägen 2H,,Lund,12,55.7176936601556,13.1991038610192,True,046-17 44 35,+4646174435,Bup;,https://www.1177.se/hitta-vard/kontaktkort/Barn-och-ungdomspsykiatrimottagning-2-Lund/,1177_api_2026-08-26,2026-08-26
SE162321000255-O23480,Barn- och ungdomspsykiatrimottagning 2 Malmö,Region,"Cronquists gata 4D, Malmö",Cronquists gata 4D,,Malmö,12,55.5836930641191,13.0007856593982,True,040-33 16 70,+4640331670,Bup;,https://www.1177.se/hitta-vard/kontaktkort/Barn-och-ungdomspsykiatrimottagning-2-Malmo/,1177_api_2026-08-26,2026-08-26
SE2321000180-479V,Barn- och ungdomspsykiatrimottagning Avesta,Region,Avesta lasarett,Avesta lasarett,,Avesta lasarett,20,60.1418644467656,16.1990189555094,True,0226-49 62 79,+46226496279,Bup;,https://www.1177.se/hitta-vard/kontaktkort/Barn-och-ungdomspsykiatrimottagning-Avesta/,1177_api_2026-08-26,2026-08-26
SE2321000198-021112,Barn- och ungdomspsykiatrimottagning bedömning Gävle,Region,"Kaserngatan 48, 802 53 Gävle",Kaserngatan 48,802 53,Gävle,21,60.6661134913362,17.1501075392933,True,026-15 46 03,+4626154603,Bup;,https://www.1177.se/hitta-vard/kontaktkort/Barn-och-ungdomspsykiatrimottagning-bedomning-Gavle/,1177_api_2026-08-26,2026-08-26
SE2321000198-021113,Barn- och ungdomspsykiatrimottagning behandling Gävle,Region,"Kaserngatan 48, 802 51 Gävle",Kaserngatan 48,802 51,Gävle,21,60.666104519091,17.1501071653556,True,026-15 46 10,+4626154610,Bup;,https://www.1177.se/hitta-vard/kontaktkort/Barn-och-ungdomspsykiatrimottagning-behandling-Gavle/,1177_api_2026-08-26,2026-08-26
SE162321000255-O28159,Barn- och ungdomspsykiatrimottagning bipolär och psykos Malmö,Region,"Kattsundsgatan 21, Malmö",Kattsundsgatan 21,,Malmö,12,55.6069889230454,13.0053124921408,True,040-33 35 36,+4640333536,Bup;,https://www.1177.se/hitta-vard/kontaktkort/Barn-och-ungdomspsykiatrimottagning-bipolar-och-psykos-Malmo/,1177_api_2026-08-26,2026-08-26
SE2321000198-020970,Barn- och ungdomspsykiatrimottagning Bollnäs,Region,"Nyhedsbacken 8, 821 31 Bollnäs",Nyhedsbacken 8,821 31,Bollnäs,21,61.349178131815,16.3746155036506,True,0278-387 70,+4627838770,Bup;,https://www.1177.se/hitta-vard/kontaktkort/Barn-och-ungdomspsykiatrimottagning-Bollnas/,1177_api_2026-08-26,2026-08-26
SE2321000180-4711,Barn- och ungdomspsykiatrimottagning Borlänge,Region,"Bergebyvägen, Borlänge sjukhus",Bergebyvägen,,Borlänge sjukhus,20,60.5038303484203,15.4664403611299,True,0243-49 70 40,+46243497040,Bup;,https://www.1177.se/hitta-vard/kontaktkort/Barn-och-ungdomspsykiatrimottagning-Borlange/,1177_api_2026-08-26,2026-08-26
SE162321000255-O33149,Barn- och ungdomspsykiatrimottagning digital behandling Skåne,Region,,,,,,,,False,046-17 10 00,+4646171000,Bup;,https://www.1177.se/hitta-vard/kontaktkort/Barn-och-ungdomspsykiatrimottagning-digital-behandling-Skane/,,2026-08-26
SE162321000255-O23458,Barn- och ungdomspsykiatrimottagning Eslöv,Region,"Odengatan 66, Eslöv",Odengatan 66,,Eslöv,12,55.8407982755859,13.2813718089458,True,0413-55 60 30,+46413556030,Bup;,https://www.1177.se/hitta-vard/kontaktkort/Barn-och-ungdomspsykiatrimottagning-Eslov/,1177_api_2026-08-26,2026-08-26
SE162321000255-O28162,Barn- och ungdomspsykiatrimottagning FACT Malmö,Region,"Velandergatan 122, Malmö",Velandergatan 122,,Malmö,12,55.5692290103419,12.9911289395872,True,040-33 17 07,+4640331707,Bup;,https://www.1177.se/hitta-vard/kontaktkort/Barn-och-ungdomspsykiatrimottagning-FACT-Malmo/,1177_api_2026-08-26,2026-08-26
SE2321000180-479W,Barn- och ungdomspsykiatrimottagning Falun,Region,"Psilanders väg 1, Falu lasarett",Psilanders väg 1,,Falu lasarett,20,60.6101058860205,15.6457162052664,True,023-49 12 00,+4623491200,Bup;,https://www.1177.se/hitta-vard/kontaktkort/Barn-och-ungdomspsykiatrimottagning-Falun/,1177_api_2026-08-26,2026-08-26
SE162321000255-O23462,Barn- och ungdomspsykiatrimottagning Första linjen Lund,Region,"Stora Södergatan 47, Lund",Stora Södergatan 47,,Lund,12,55.6985590560949,13.1908325717993,True,077-117 14 85,+46771171485,Bup;,https://www.1177.se/hitta-vard/kontaktkort/Barn-och-ungdomspsykiatrimottagning-Forsta-linjen-Lund/,1177_api_2026-08-26,2026-08-26
SE162321000255-O23461,Barn- och ungdomspsykiatrimottagning Första linjen Kristianstad,Region,"Lasarettsboulevarden 4A, Kristianstad",Lasarettsboulevarden 4A,,Kristianstad,12,56.0298997820499,14.1614910299671,True,077-117 14 85,+46771171485,Bup;,https://www.1177.se/hitta-vard/kontaktkort/Barn-och-ungdomspsykiatrimottagning-Forsta-linjen-Kristianstad/,1177_api_2026-08-26,2026-08-26
SE162321000255-O23460,Barn- och ungdomspsykiatrimottagning Första linjen Helsingborg,Region,"Bruksgatan 29, Helsingborg",Bruksgatan 29,,Helsingborg,12,56.0437392931906,12.6974943611206,True,077-117 14 85,+46771171485,Bup;,https://www.1177.se/hitta-vard/kontaktkort/Barn-och-ungdomspsykiatrimottagning-Forsta-linjen-Helsingborg/,1177_api_2026-08-26,2026-08-26
SE162321000255-O25912,Barn- och ungdomspsykiatrimottagning Första linjen Ängelholm,Region,"Landshövdingevägen 7D, Ängelholm",Landshövdingevägen 7D,,Ängelholm,12,56.2396612003509,12.8584613220705,True,077-117 14 85,+46771171485,Bup;,https://www.1177.se/hitta-vard/kontaktkort/Barn-och-ungdomspsykiatrimottagning-Forsta-linjen-Angelholm/,1177_api_2026-08-26,2026-08-26
SE162321000255-O25911,Barn- och ungdomspsykiatrimottagning Första linjen Landskrona,Region,"Gösta Lundhs gata 17, Landskrona",Gösta Lundhs gata 17,,Landskrona,12,55.8791544333473,12.840109424695,True,077-117 14 85,+46771171485,Bup;,https://www.1177.se/hitta-vard/kontaktkort/Barn-och-ungdomspsykiatrimottagning-Forsta-linjen-Landskrona/,1177_api_2026-08-26,2026-08-26
SE162321000255-O23463,Barn- och ungdomspsykiatrimottagning Första linjen Malmö,Region,"Gibraltargatan 7, Malmö",Gibraltargatan 7,,Malmö,12,55.6078498366003,12.9919010455218,True,077-117 14 85,+46771171485,Bup;,https://www.1177.se/hitta-vard/kontaktkort/Barn-och-ungdomspsykiatrimottagning-Forsta-linjen-Malmo/,1177_api_2026-08-26,2026-08-26
SE162321000255-O23466,Barn- och ungdomspsykiatrimottagning Första linjen Ystad,Region,"Stora Östergatan 13, Ystad",Stora Östergatan 13,,Ystad,12,55.4301841930255,13.8224245127572,True,077-117 14 85,+46771171485,Bup;,https://www.1177.se/hitta-vard/kontaktkort/Barn-och-ungdomspsykiatrimottagning-Forsta-linjen-Ystad/,1177_api_2026-08-26,2026-08-26
SE162321000255-O23465,Barn- och ungdomspsykiatrimottagning Första linjen Trelleborg,Region,"Lotsgränden 3, Trelleborg",Lotsgränden 3,,Trelleborg,12,55.3744925778818,13.1479019024776,True,077-117 14 85,+46771171485,Bup;,https://www.1177.se/hitta-vard/kontaktkort/Barn-och-ungdomspsykiatrimottagning-Forsta-linjen-Trelleborg/,1177_api_2026-08-26,2026-08-26
SE162321000255-O23468,Barn- och ungdomspsykiatrimottagning Helsingborg,Region,"Rönnowsgatan 10D, Helsingborg",Rönnowsgatan 10D,,Helsingborg,12,56.0366301930223,12.7010198708104,True,077-123 89 05,+46771238905,Bup;,https://www.1177.se/hitta-vard/kontaktkort/Barn-och-ungdomspsykiatrimottagning-Helsingborg/,1177_api_2026-08-26,2026-08-26
SE2321000198-019003,Barn- och ungdomspsykiatrimottagning Hudiksvall,Region,"Kungsgatan 33, 824 43 Hudiksvall",Kungsgatan 33,824 43,Hudiksvall,21,61.7294285106181,17.0988217814713,True,0650-924 58,+4665092458,Bup;,https://www.1177.se/hitta-vard/kontaktkort/Barn-och-ungdomspsykiatrimottagning-Hudiksvall/,1177_api_2026-08-26,2026-08-26
SE162321000255-O23467,Barn- och ungdomspsykiatrimottagning Hässleholm,Region,"Skytteliden 6, Hässleholm",Skytteliden 6,,Hässleholm,12,56.159853384844,13.780091019054,True,0451-29 60 91,+46451296091,Bup;,https://www.1177.se/hitta-vard/kontaktkort/Barn-och-ungdomspsykiatrimottagning-Hassleholm/,1177_api_2026-08-26,2026-08-26
SE162321000255-O23469,Barn- och ungdomspsykiatrimottagning hörsel och döv Lund,Region,"Lovisastigen 15, Lund",Lovisastigen 15,,Lund,12,55.7177423765121,13.1997054847358,True,046-17 50 29,+4646175029,Bup;,https://www.1177.se/hitta-vard/kontaktkort/Barn-och-ungdomspsykiatrimottagning-horsel-och-dov-Lund/,1177_api_2026-08-26,2026-08-26
SE162321000255-O23470,Barn- och ungdomspsykiatrimottagning Kristianstad,Region,"Floravägen 3, Kristianstad",Floravägen 3,,Kristianstad,12,56.0346791855126,14.1730321134386,True,044-309 23 00,+46443092300,Bup;,https://www.1177.se/hitta-vard/kontaktkort/Barn-och-ungdomspsykiatrimottagning-Kristianstad/,1177_api_2026-08-26,2026-08-26
SE162321000255-O28160,Barn- och ungdomspsykiatrimottagning könsidentitet Malmö,Region,"Hans Michelsensgatan 9, Malmö",Hans Michelsensgatan 9,,Malmö,12,55.6123577857521,12.9996111267076,True,040-33 59 37,+4640335937,Bup;,https://www.1177.se/hitta-vard/kontaktkort/Barn-och-ungdomspsykiatrimottagning-konsidentitet-Malmo/,1177_api_2026-08-26,2026-08-26
SE162321000255-O23471,Barn- och ungdomspsykiatrimottagning Landskrona,Region,"Skiftesvägen 4B, Landskrona",Skiftesvägen 4B,,Landskrona,12,55.8799140474221,12.842545247315,True,077-123 89 05,+46771238905,Bup;,https://www.1177.se/hitta-vard/kontaktkort/Barn-och-ungdomspsykiatrimottagning-Landskrona/,1177_api_2026-08-26,2026-08-26
SE2321000180-470X,Barn- och ungdomspsykiatrimottagning Ludvika,Region,Ludvika lasarett,Ludvika lasarett,,Ludvika lasarett,20,60.1560377601081,15.2035263250137,True,0240-49 55 70,+46240495570,Bup;,https://www.1177.se/hitta-vard/kontaktkort/Barn-och-ungdomspsykiatrimottagning-Ludvika/,1177_api_2026-08-26,2026-08-26
SE162321000255-O23473,Barn- och ungdomspsykiatrimottagning mellanvård Helsingborg,Region,"Rönnowsgatan 10D, Helsingborg",Rönnowsgatan 10D,,Helsingborg,12,56.0366301930223,12.7010198708104,True,077-123 89 05,+46771238905,Bup;,https://www.1177.se/hitta-vard/kontaktkort/Barn-och-ungdomspsykiatrimottagning-mellanvard-Helsingborg/,1177_api_2026-08-26,2026-08-26
SE162321000255-O23474,Barn- och ungdomspsykiatrimottagning mellanvård Kristianstad,Region,"Floravägen 3, Kristianstad",Floravägen 3,,Kristianstad,12,56.0346791855126,14.1730321134386,True,044-309 23 40,+46443092340,Bup;,https://www.1177.se/hitta-vard/kontaktkort/Barn-och-ungdomspsykiatrimottagning-mellanvard-Kristianstad/,1177_api_2026-08-26,2026-08-26
SE162321000255-O23475,Barn- och ungdomspsykiatrimottagning mellanvård Lund,Region,"Lovisastigen 13, Lund",Lovisastigen 13,,Lund,12,55.7177614731852,13.2001817419462,True,046-17 50 29,+4646175029,Bup;,https://www.1177.se/hitta-vard/kontaktkort/Barn-och-ungdomspsykiatrimottagning-mellanvard-Lund/,1177_api_2026-08-26,2026-08-26
SE162321000255-O23476,Barn- och ungdomspsykiatrimottagning mellanvård Malmö,Region,"Per Albin Hanssons väg 41, Malmö",Per Albin Hanssons väg 41,,Malmö,12,55.581891956364,13.0021832811159,True,040-33 16 70,+4640331670,"Psykologverksamhet, barn och ungdom;1033;Bup;",https://www.1177.se/hitta-vard/kontaktkort/Barn-och-ungdomspsykiatrimottagning-mellanvard-Malmo/,1177_api_2026-08-26,2026-08-26
SE162321000255-O37590,"Barn- och ungdomspsykiatrimottagning mellanvård Ystad, Ystad",Region,"Kristianstadsvägen 1A, Ystad",Kristianstadsvägen 1A,,Ystad,12,55.4324758409756,13.816384523272,True,0411-99 54 06,+46411995406,Bup;,https://www.1177.se/hitta-vard/kontaktkort/Barn-och-ungdomspsykiatrimottagning-mellanvard-Ystad-Ystad/,1177_api_2026-08-26,2026-08-26
SE2321000180-5P1G,Barn- och ungdomspsykiatrimottagning Moment Borlänge,Privat,"Tunagatan 44, våning 3",Tunagatan 44,,våning 3,20,60.4855284117322,15.4386580807877,True,0243-79 82 00,+46243798200,"Psykologverksamhet, barn och ungdom;1033;Bup;",https://www.1177.se/hitta-vard/kontaktkort/Barn-och-ungdomspsykiatrimottagning-Moment-Borlange/,1177_api_2026-08-26,2026-08-26
SE2321000180-4710,Barn- och ungdomspsykiatrimottagning Mora,Region,Mora lasarett,Mora lasarett,,Mora lasarett,20,61.0162828363321,14.5849490208663,True,0250-49 36 80,+46250493680,Bup;,https://www.1177.se/hitta-vard/kontaktkort/Barn-och-ungdomspsykiatrimottagning-Mora/,1177_api_2026-08-26,2026-08-26
SE162321000255-O23478,Barn- och ungdomspsykiatrimottagning neuropsykiatri Malmö,Region,"Per Albin Hanssons väg 41, Malmö",Per Albin Hanssons väg 41,,Malmö,12,55.581891956364,13.0021832811159,True,040-33 16 70,+4640331670,"Psykologverksamhet, barn och ungdom;1033;Bup;",https://www.1177.se/hitta-vard/kontaktkort/Barn-och-ungdomspsykiatrimottagning-neuropsykiatri-Malmo/,1177_api_2026-08-26,2026-08-26
SE2321000180-5PT5,Barn- och ungdomspsykiatrimottagning Psykiatripartners Hedemora,Privat,Morgatan 8,Morgatan 8,,Morgatan 8,20,60.2791893190759,15.9796592280395,True,010-182 13 30,+46101821330,Bup;,https://www.1177.se/hitta-vard/kontaktkort/Barn-och-ungdomspsykiatrimottagning-Psykiatripartners-Hedemora/,1177_api_2026-08-26,2026-08-26
SE2321000180-5HG0,Barn- och ungdomspsykiatrimottagning Psykiatripartners Falun,Privat,"Stadshuset, Slaggatan 3 C",Stadshuset,,Slaggatan 3 C,20,60.6074107027868,15.6293167406956,True,010-182 13 30,+46101821330,"Psykologverksamhet, barn och ungdom;1033;Bup;",https://www.1177.se/hitta-vard/kontaktkort/Barn-och-ungdomspsykiatrimottagning-Psykiatripartners-Falun/,1177_api_2026-08-26,2026-08-26
SE2321000180-5PFF,Barn- och ungdomspsykiatrimottagning Psykiatripartners Ludvika,Privat,Carlavägen 21,Carlavägen 21,,Carlavägen 21,20,60.1493872397537,15.1899659304132,True,010-182 13 30,+46101821330,"Psykologverksamhet, barn och ungdom;1033;Bup;",https://www.1177.se/hitta-vard/kontaktkort/Barn-och-ungdomspsykiatrimottagning-Psykiatripartners-Ludvika/,1177_api_2026-08-26,2026-08-26
SE162321000255-O28161,Barn- och ungdomspsykiatrimottagning trauma Malmö,Region,"Kattsundsgatan 21, Malmö",Kattsundsgatan 21,,Malmö,12,55.6069889230454,13.0053124921408,True,040-33 71 43,+4640337143,"Psykologverksamhet, barn och ungdom;1033;Bup;",https://www.1177.se/hitta-vard/kontaktkort/Barn-och-ungdomspsykiatrimottagning-trauma-Malmo/,1177_api_2026-08-26,2026-08-26
SE162321000255-O23481,Barn- och ungdomspsykiatrimottagning Trelleborg,Region,"Algatan 27, Trelleborg",Algatan 27,,Trelleborg,12,55.3741034137815,13.1552181154531,True,040-33 16 70,+4640331670,"Psykologverksamhet, barn och ungdom;1033;Bup;",https://www.1177.se/hitta-vard/kontaktkort/Barn-och-ungdomspsykiatrimottagning-Trelleborg/,1177_api_2026-08-26,2026-08-26
SE162321000255-O23482,Barn- och ungdomspsykiatrimottagning Ystad,Region,"Kristianstadsvägen 1A, Ystad",Kristianstadsvägen 1A,,Ystad,12,55.4324758409756,13.816384523272,True,0411-99 54 06,+46411995406,Bup;,https://www.1177.se/hitta-vard/kontaktkort/Barn-och-ungdomspsykiatrimottagning-Ystad/,1177_api_2026-08-26,2026-08-26
SE162321000255-O23457,Barn- och ungdomspsykiatrimottagning Ängelholm,Region,"Landshövdingevägen 7D, Ängelholm",Landshövdingevägen 7D,,Ängelholm,12,56.2396612003509,12.8584613220705,True,077-123 89 05,+46771238905,Bup;,https://www.1177.se/hitta-vard/kontaktkort/Barn-och-ungdomspsykiatrimottagning-Angelholm/,1177_api_2026-08-26,2026-08-26
SE162321000255-O23456,Barn- och ungdomspsykiatrimottagning ätstörning Malmö,Region,"Per Albin Hanssons väg 41, Malmö",Per Albin Hanssons väg 41,,Malmö,12,55.581891956364,13.0021832811159,True,040-33 16 70,+4640331670,"Psykologverksamhet, barn och ungdom;1033;Bup;",https://www.1177.se/hitta-vard/kontaktkort/Barn-och-ungdomspsykiatrimottagning-atstorning-Malmo/,1177_api_2026-08-26,2026-08-26
SE2321000164-7381037594025,"Barn- och ungdomspsykiatrin Gryningen Karlskoga, Karlskoga",Region,"Skrantabacken 5, Karlskoga",Skrantabacken 5,,Karlskoga,18,59.3216694553477,14.5106215303142,True,0586-666 48,+4658666648,"Psykologverksamhet, barn och ungdom;1033;Bup;",https://www.1177.se/hitta-vard/kontaktkort/Barn-och-ungdomspsykiatrin-Gryningen-Karlskoga-Karlskoga/,1177_api_2026-08-26,2026-08-26
SE162321000024-0038135,Barn- och ungdomspsykiatrins förstärkta öppenvården,Region,"Dag Hammarskjölds väg 13, Uppsala",Dag Hammarskjölds väg 13,,Uppsala,03,59.8516211746847,17.6357468451091,True,018-611 91 04,+46186119104,Bup;,https://www.1177.se/hitta-vard/kontaktkort/Barn-och-ungdomspsykiatrins-forstarkta-oppenvarden/,1177_api_2026-08-26,2026-08-26
SE2321000214-0041607,"Barn- och ungdomspsykiatrins mottagning, Östersund",Region,"Köpmangatan 24, 831 30 Östersund",Köpmangatan 24,831 30,Östersund,23,63.1787413979036,14.6331876857873,True,063-15 40 10,+4663154010,Bup;,https://www.1177.se/hitta-vard/kontaktkort/Barn-och-ungdomspsykiatrins-mottagning-Ostersund/,1177_api_2026-08-26,2026-08-26
SE2321000073-4BVQ,Barn- och ungdomspsykiatrisk akutavdelning Kalmar,Region,"Hälsogränd 1, Kalmar",Hälsogränd 1,,Kalmar,08,56.6571168844968,16.3285366962145,True,010-358 12 94,+46103581294,"Psykologverksamhet, barn och ungdom;1033;Bup;",https://www.1177.se/hitta-vard/kontaktkort/Barn-och-ungdomspsykiatrisk-akutavdelning-Kalmar/,1177_api_2026-08-26,2026-08-26
SE162321000156-58L5,Barn- och ungdomspsykiatrisk entrémottagning,Region,"Lagergrens gata 3, Karlstad",Lagergrens gata 3,,Karlstad,17,59.3730631,13.5095138,True,010-831 83 00,+46108318300,Bup;,https://www.1177.se/hitta-vard/kontaktkort/Barn-och-ungdomspsykiatrisk-entremottagning/,nominatim_fallback_2026-08-26,2026-08-26
SE2321000081-a2606,"Barn- och ungdomspsykiatrisk mellanvård Karlshamn, Karlshamn",Region,"Barn- och ungdomspsykiatrisk mellanvård Karlshamn, Ställverksvägen 2, 374 39 Karlshamn, plan 1.",Barn- och ungdomspsykiatrisk mellanvård Karlshamn,374 39,plan 1.,10,56.1741066384506,14.8719089076291,True,0454-73 34 40,+46454733440,Bup;,https://www.1177.se/hitta-vard/kontaktkort/Barn-och-ungdomspsykiatrisk-mellanvard-Karlshamn-Karlshamn/,1177_api_2026-08-26,2026-08-26
SE162321000156-4PB5,Barn- och ungdomspsykiatrisk mottagning 1,Region,"Lagergrens gata 3, Karlstad",Lagergrens gata 3,,Karlstad,17,59.3730631,13.5095138,True,010-831 83 00,+46108318300,Bup;,https://www.1177.se/hitta-vard/kontaktkort/Barn-och-ungdomspsykiatrisk-mottagning-1/,nominatim_fallback_2026-08-26,2026-08-26
SE162321000024-0016906,"Barn- och ungdomspsykiatrisk mottagning 1, Uppsala",Region,"Kungsgatan 38, Uppsala",Kungsgatan 38,,Uppsala,03,59.8604025358048,17.6408523608734,True,018-611 24 10,+46186112410,Bup;,https://www.1177.se/hitta-vard/kontaktkort/Barn-och-ungdomspsykiatrisk-mottagning-1-Uppsala/,1177_api_2026-08-26,2026-08-26
SE162321000024-0016985,Barn- och ungdomspsykiatrisk mottagning 2,Region,"Kungsgatan 38, Uppsala",Kungsgatan 38,,Uppsala,03,59.8604025358048,17.6408523608734,True,018-611 24 10,+46186112410,Bup;,https://www.1177.se/hitta-vard/kontaktkort/Barn-och-ungdomspsykiatrisk-mottagning-2/,1177_api_2026-08-26,2026-08-26
SE162321000024-0081435,Barn- och ungdomspsykiatrisk mottagning 3,Region,"Kungsgatan 38, Uppsala",Kungsgatan 38,,Uppsala,03,59.8604025358048,17.6408523608734,True,018-611 24 10,+46186112410,Bup;,https://www.1177.se/hitta-vard/kontaktkort/Barn-och-ungdomspsykiatrisk-mottagning-3/,1177_api_2026-08-26,2026-08-26
SE2321000073-4BVT,Barn- och ungdomspsykiatrisk mottagning Kalmar,Region,"Hälsogränd 1, Kalmar",Hälsogränd 1,,Kalmar,08,56.6571168844968,16.3285366962145,True,010-358 16 94,+46103581694,Bup;,https://www.1177.se/hitta-vard/kontaktkort/Barn-och-ungdomspsykiatrisk-mottagning-Kalmar/,1177_api_2026-08-26,2026-08-26
SE2321000081-a228,Barn- och ungdomspsykiatrisk mottagning Karlshamn,Region,"Sjukhusvägen 6, 374 80 Karlshamn, Ingång vid entré B, Elfsbergsgården",Sjukhusvägen 6,374 80,Elfsbergsgården,10,56.1866962340354,14.8515993991245,True,0454-73 10 32,+46454731032,Bup;,https://www.1177.se/hitta-vard/kontaktkort/Barn-och-ungdomspsykiatrisk-mottagning-Karlshamn/,1177_api_2026-08-26,2026-08-26
SE2321000081-a197,Barn- och ungdomspsykiatrisk mottagning Karlskrona,Region,"Bååths gränd 3, 371 34 Karlskrona",Bååths gränd 3,371 34,Karlskrona,10,56.164001263871,15.583661184786,True,0455-73 10 32,+46455731032,Bup;,https://www.1177.se/hitta-vard/kontaktkort/Barn-och-ungdomspsykiatrisk-mottagning-Karlskrona/,1177_api_2026-08-26,2026-08-26
SE2321000073-4BM2,Barn- och ungdomspsykiatrisk mottagning Oskarshamn,Region,"Rösvägen 4, Oskarshamn",Rösvägen 4,,Oskarshamn,08,57.2630720769063,16.4238041790471,True,010-358 22 98,+46103582298,"Psykologverksamhet, barn och ungdom;1033;Bup;",https://www.1177.se/hitta-vard/kontaktkort/Barn-och-ungdomspsykiatrisk-mottagning-Oskarshamn/,1177_api_2026-08-26,2026-08-26
SE2321000073-4BM3,Barn- och ungdomspsykiatrisk mottagning Västervik,Region,"Södermalmsgatan 20A, Västervik",Södermalmsgatan 20A,,Västervik,08,57.751819645012,16.6370706423593,True,010-358 63 72,+46103586372,Bup;,https://www.1177.se/hitta-vard/kontaktkort/Barn-och-ungdomspsykiatrisk-mottagning-Vastervik/,1177_api_2026-08-26,2026-08-26
SE2321000016-4R8J,"Barn- och ungdomspsykiatrisk mottagning, Norrtälje Tiohundra",Region,"Drottning Kristinas väg 70A, Norrtälje",Drottning Kristinas väg 70A,,Norrtälje,01,59.7473417506606,18.6914205765975,True,08-123 273 80,+46812327380,Bup;,https://www.1177.se/hitta-vard/kontaktkort/Barn-och-ungdomspsykiatrisk-mottagning-Norrtalje-Tiohundra/,1177_api_2026-08-26,2026-08-26
SE2321000081-a200,"Barn- och ungdomspsykiatrisk vårdavdelning, Karlskrona",Region,"Hälsovägen, byggnad 24, plan 6, Karlskrona",Hälsovägen,,Karlskrona,10,56.1829693651076,15.6046471375926,True,0455-73 58 14,+46455735814,Bup;,https://www.1177.se/hitta-vard/kontaktkort/Barn-och-ungdomspsykiatrisk-vardavdelning-Karlskrona/,1177_api_2026-08-26,2026-08-26
SE162321000024-0085145,"Barn- och ungdomspsykiatrisk ätstörningsavdelning NHV 2 A, Uppsala",Region,"Akademiska sjukhuset, ingång 10",Akademiska sjukhuset,,ingång 10,03,59.8492385848209,17.6398630302379,True,018-617 42 40,+46186174240,Bup;,https://www.1177.se/hitta-vard/kontaktkort/Barn-och-ungdomspsykiatrisk-atstorningsavdelning-NHV-2-A-Uppsala/,1177_api_2026-08-26,2026-08-26
SE2321000164-013DT,Barn- och ungdomspsykiatrisk öppenvård BUP Örebro,Region,"Änggatan 17, vån 4, Örebro",Änggatan 17,,Örebro,18,59.2677559150772,15.207401314282,True,019-602 57 00,+46196025700,Bup;,https://www.1177.se/hitta-vard/kontaktkort/Barn-och-ungdomspsykiatrisk-oppenvard-BUP-Orebro/,1177_api_2026-08-26,2026-08-26
SE162321000024-0016351,Barn- och ungdomspsykiatriska akutavdelningen,Region,"Akademiska sjuhuset, Ingång 10",Akademiska sjuhuset,,Ingång 10,03,59.8518274035758,17.6377033634014,True,018-611 96 02,+46186119602,Bup;,https://www.1177.se/hitta-vard/kontaktkort/Barn-och-ungdomspsykiatriska-akutavdelningen/,1177_api_2026-08-26,2026-08-26
SE2321000040-4G17,"Barn- och ungdomspsykiatriska kliniken ViN, Norrköping",Region,"Gamla Lasarettsgatan 18, Norrköping",Gamla Lasarettsgatan 18,,Norrköping,05,58.5832014097045,16.1784572411819,True,010-105 93 52,+46101059352,Bup;,https://www.1177.se/hitta-vard/kontaktkort/Barn-och-ungdomspsykiatriska-kliniken-ViN-Norrkoping/,1177_api_2026-08-26,2026-08-26
SE2321000016-4TRR,"Barn- och ungdomspsykiatriska mottagningen BUP, Gotland",Region,"Neptungatan 6, VISBY",Neptungatan 6,,VISBY,09,57.6458790108437,18.3083515209095,True,0498-26 84 04,+46498268404,Bup;,https://www.1177.se/hitta-vard/kontaktkort/Barn-och-ungdomspsykiatriska-mottagningen-BUP-Gotland/,1177_api_2026-08-26,2026-08-26
SE2321000230-E02338,Barn- och ungdomspsykiatriska mottagningen Gällivare sjukhus,Region,"Källgatan 14, Gällivare sjukhus",Källgatan 14,,Gällivare sjukhus,,,,False,0970-194 47,+4697019447,Bup;,https://www.1177.se/hitta-vard/kontaktkort/Barn-och-ungdomspsykiatriska-mottagningen-Gallivare-sjukhus/,,2026-08-26
SE162321000024-0017103,"Barn- och ungdomspsykiatriska mottagningen i Enköping, Enköping",Region,"Linbanegatan 8, Enköping",Linbanegatan 8,,Enköping,03,59.645770888278,17.0774015170631,True,0171-41 83 80,+46171418380,Bup;,https://www.1177.se/hitta-vard/kontaktkort/Barn-och-ungdomspsykiatriska-mottagningen-i-Enkoping-Enkoping/,1177_api_2026-08-26,2026-08-26
SE2321000057-4PW2,Barn- och ungdomspsykiatriska mottagningen Jönköping,Region,"Sjukhusgatan, Jönköping, hus A2",Sjukhusgatan,,hus A2,06,57.7712333143627,14.1960348841571,True,010-241 10 30,+46102411030,Bup;,https://www.1177.se/hitta-vard/kontaktkort/Barn-och-ungdomspsykiatriska-mottagningen-Jonkoping/,1177_api_2026-08-26,2026-08-26
SE2321000032-4NH1,"Barn- och ungdomspsykiatriska mottagningen Kullbergska sjukhuset, Katrineholm",Region,"Kullbergska sjukhuset, Djulögatan 71, Katrineholm",Kullbergska sjukhuset,,Katrineholm,04,58.9921253593145,16.2186578048787,True,010-492 58 28,+46104925828,Bup;,https://www.1177.se/hitta-vard/kontaktkort/Barn-och-ungdomspsykiatriska-mottagningen-Kullbergska-sjukhuset-Katrineholm/,1177_api_2026-08-26,2026-08-26
SE2321000230-E02340,Barn- och ungdomspsykiatriska mottagningen Luleå,Region,"Residensgatan 18 (plan 3), 972 38 Luleå",Residensgatan 18 (plan 3),972 38,Luleå,25,,,False,0920-715 80,+4692071580,Bup;,https://www.1177.se/hitta-vard/kontaktkort/Barn-och-ungdomspsykiatriska-mottagningen-Lulea/,,2026-08-26
SE2321000032-4NH7,"Barn- och ungdomspsykiatriska mottagningen Mälarsjukhuset, Eskilstuna",Region,"Mälarsjukhuset, Skogsvaktarvägen 4",Mälarsjukhuset,,Skogsvaktarvägen 4,04,59.3634395416212,16.5404532441002,True,010-492 58 28,+46104925828,Bup;,https://www.1177.se/hitta-vard/kontaktkort/Barn-och-ungdomspsykiatriska-mottagningen-Malarsjukhuset-Eskilstuna/,1177_api_2026-08-26,2026-08-26
SE2321000032-4NH2,"Barn- och ungdomspsykiatriska mottagningen Nyköping, Nyköping",Region,"Bagaregatan 3D, Nyköping",Bagaregatan 3D,,Nyköping,04,58.7486221694472,17.0061166869776,True,010-492 58 28,+46104925828,Bup;,https://www.1177.se/hitta-vard/kontaktkort/Barn-och-ungdomspsykiatriska-mottagningen-Nykoping-Nykoping/,1177_api_2026-08-26,2026-08-26
SE2321000057-BCL2,Barn- och ungdomspsykiatriska mottagningen Nässjö,Region,"Nässjö vårdcentrum, Skansgatan 9, hus 09",Nässjö vårdcentrum,,hus 09,06,57.6559833757088,14.7132225383889,True,010-241 10 30,+46102411030,Bup;,https://www.1177.se/hitta-vard/kontaktkort/Barn-och-ungdomspsykiatriska-mottagningen-Nassjo/,1177_api_2026-08-26,2026-08-26
SE2321000230-E02336,Barn- och ungdomspsykiatriska mottagningen Piteå sjukhus,Region,"Lasarettsvägen 14 D, 941 50 Piteå",Lasarettsvägen 14 D,941 50,Piteå,25,65.3144934,21.4995695,True,0911-750 60,+4691175060,Bup;,https://www.1177.se/hitta-vard/kontaktkort/Barn-och-ungdomspsykiatriska-mottagningen-Pitea-sjukhus/,nominatim_fallback_2026-08-26,2026-08-26
SE2321000057-BCL3,Barn- och ungdomspsykiatriska mottagningen Värnamo,Region,"Vallgatan 4, Värnamo",Vallgatan 4,,Värnamo,06,57.1890427564693,14.0454002351002,True,010-241 10 30,+46102411030,Bup;,https://www.1177.se/hitta-vard/kontaktkort/Barn-och-ungdomspsykiatriska-mottagningen-Varnamo/,1177_api_2026-08-26,2026-08-26
SE162321000024-0016812,Barn- och ungdomspsykiatriska ätstörningsenheten,Region,"Akademiska sjukhuset, Ingång 10",Akademiska sjukhuset,,Ingång 10,03,59.8492385848209,17.6398630302379,True,018-611 25 38,+46186112538,Bup;,https://www.1177.se/hitta-vard/kontaktkort/Barn-och-ungdomspsykiatriska-atstorningsenheten/,1177_api_2026-08-26,2026-08-26
SE2321000040-7KVB,Barnahus Linköping,Region,"Brigadgatan 21, Linköping",Brigadgatan 21,,Linköping,05,58.3957318148595,15.616503435374,True,010-103 86 93,+46101038693,Bup;,https://www.1177.se/hitta-vard/kontaktkort/Barnahus-Linkoping/,1177_api_2026-08-26,2026-08-26
SE2321000040-91MV,"Barntraumateam Linköping, Barn- och ungdomshälsan",Region,"Apotekaregatan 11, Linköping",Apotekaregatan 11,,Linköping,05,58.4106666308279,15.6196564292386,True,010-103 90 98,+46101039098,Bup;,https://www.1177.se/hitta-vard/kontaktkort/Barntraumateam-Linkoping-Barn-och-ungdomshalsan/,1177_api_2026-08-26,2026-08-26
SE2321000040-7Q4T,"Barntraumateam Motala, Barn- och ungdomshälsan",Region,"Lasarettet, B-huset, plan 9, Motala",Lasarettet,,Motala,05,58.544422910249,15.0281706627249,True,010-104 85 75,+46101048575,Bup;,https://www.1177.se/hitta-vard/kontaktkort/Barntraumateam-Motala-Barn-och-ungdomshalsan/,1177_api_2026-08-26,2026-08-26
SE2321000040-91MN,"Barntraumateam Norrköping, Norrköping",Region,"Vrinnevisjukhuset, Ingång 14, Norrköping",Vrinnevisjukhuset,,Norrköping,05,58.5636754900134,16.1782672876115,True,010-104 20 88,+46101042088,Bup;,https://www.1177.se/hitta-vard/kontaktkort/Barntraumateam-Norrkoping-Norrkoping/,1177_api_2026-08-26,2026-08-26
SE162321000024-0092393,"BUP ADHD på nätet, Uppsala",Region,"Kungsgatan 38, Uppsala",Kungsgatan 38,,Uppsala,03,59.8604025358048,17.6408523608734,True,018-611 24 10,+46186112410,Bup;,https://www.1177.se/hitta-vard/kontaktkort/BUP-ADHD-pa-natet-Uppsala/,1177_api_2026-08-26,2026-08-26
SE2321000131-E000000003625,"BUP Affektiv mottagning Kungälv, Kungälv",Region,"Rollsbovägen 58, 442 40, Kungälv",Rollsbovägen 58,442 40,Kungälv,14,57.8886046900753,11.9502827898072,True,0303-24 10 32,+46303241032,Bup;,https://www.1177.se/hitta-vard/kontaktkort/BUP-Affektiv-mottagning-Kungalv-Kungalv/,1177_api_2026-08-26,2026-08-26
SE2321000131-E000000013361,"BUP akutansvar, Skövde",Region,"Lövängsvägen 4, 549 49, Skövde",Lövängsvägen 4,549 49,Skövde,14,58.4268537752739,13.8520408400991,True,0500-43 10 00,+46500431000,Bup;,https://www.1177.se/hitta-vard/kontaktkort/BUP-akutansvar-Skovde/,1177_api_2026-08-26,2026-08-26
SE2321000131-E000000010871,"BUP Akutavdelning, Borås",Region,"Brämhultsvägen 53, 504 55, Borås",Brämhultsvägen 53,504 55,Borås,14,57.7246865132271,12.9640049403255,True,033-616 20 90,+46336162090,Bup;,https://www.1177.se/hitta-vard/kontaktkort/BUP-Akutavdelning-Boras/,1177_api_2026-08-26,2026-08-26
SE2321000016-B15D,BUP Akutenhet,Region,"Sachsgatan 10, Stockholm",Sachsgatan 10,,Stockholm,01,59.3080371644427,18.0583265412017,True,08-123 669 00,+46812366900,Bup;,https://www.1177.se/hitta-vard/kontaktkort/BUP-Akutenhet/,1177_api_2026-08-26,2026-08-26
SE2321000172-2Q5N,BUP akutmottagning Västmanland,Region,"Västmanlands sjukhus Västerås, Psykiatricentrum, Ingång 29, Adelsögatan 30, Västerås",Västmanlands sjukhus Västerås,,Västerås,19,59.6177482446738,16.5856472630339,True,021-17 57 46,+4621175746,Bup;,https://www.1177.se/hitta-vard/kontaktkort/BUP-akutmottagning-Vastmanland/,1177_api_2026-08-26,2026-08-26
SE2321000172-181R,BUP avdelning 99 Västmanland,Region,"Västmanlands sjukhus Västerås, Psykiatricentrum, Ingång 29, Adelsögatan 30, Västerås",Västmanlands sjukhus Västerås,,Västerås,19,59.6176672561815,16.5856808227607,True,021-17 57 80,+4621175780,Bup;,https://www.1177.se/hitta-vard/kontaktkort/BUP-avdelning-99-Vastmanland/,1177_api_2026-08-26,2026-08-26
SE2321000131-E000000008013,"BUP Barnahus, Göteborg",Region,"Gårdavägen 1, 412 50, Göteborg",Gårdavägen 1,412 50,Göteborg,14,57.7043658348559,11.991032352144,True,031-367 93 95,+46313679395,Bup;,https://www.1177.se/hitta-vard/kontaktkort/BUP-Barnahus-Goteborg/,1177_api_2026-08-26,2026-08-26
SE2321000115-O92977,"Bup Behandlingsenheten, Falkenberg",Region,"Violinvägen 1, Falkenberg",Violinvägen 1,,Falkenberg,13,56.9206437394291,12.5077113478581,True,0346-561 25,+4634656125,Bup;,https://www.1177.se/hitta-vard/kontaktkort/BUP-Behandlingsenheten-Falkenberg/,1177_api_2026-08-26,2026-08-26
SE2321000016-GQ3N,"BUP Central Öppenvård Väst, BUP Stockholm",Region,"Hantverkargatan 2C, Stockholm",Hantverkargatan 2C,,Stockholm,01,59.3286136454671,18.0539596355665,True,08-123 525 30,+46812352530,Bup;,https://www.1177.se/hitta-vard/kontaktkort/BUP-Central-Oppenvard-Vast-BUP-Stockholm/,1177_api_2026-08-26,2026-08-26
SE2321000016-GLRS,BUP Dagakut,Region,"Sachsgatan 10, Stockholm",Sachsgatan 10,,Stockholm,01,59.3080371644427,18.0583265412017,True,08-123 531 40,+46812353140,Bup;,https://www.1177.se/hitta-vard/kontaktkort/BUP-Dagakut/,1177_api_2026-08-26,2026-08-26
SE2321000016-B15K,BUP Dagvårdsenhet,Region,"Sachsgatan 10, Stockholm",Sachsgatan 10,,Stockholm,01,59.3080371644427,18.0583265412017,True,08-123 522 53,+46812352253,Bup;,https://www.1177.se/hitta-vard/kontaktkort/BUP-Dagvardsenhet/,1177_api_2026-08-26,2026-08-26
SE2321000016-14W1,BUP Danderyd 1,Region,"Vendevägen 90, Danderyd",Vendevägen 90,,Danderyd,01,59.3945350257699,18.0487111719342,True,08-123 521 00,+46812352100,Bup;,https://www.1177.se/hitta-vard/kontaktkort/BUP-Danderyd-1/,1177_api_2026-08-26,2026-08-26
SE2321000016-14W3,BUP Danderyd 2,Region,"Vendevägen 90, Danderyd",Vendevägen 90,,Danderyd,01,59.3945350257699,18.0487111719342,True,08-123 523 00,+46812352300,Bup;,https://www.1177.se/hitta-vard/kontaktkort/BUP-Danderyd-2/,1177_api_2026-08-26,2026-08-26
SE2321000131-E000000001026,"BUP DBT-mottagning, Göteborg",Region,"Drottninggatan 16, 411 14, Göteborg",Drottninggatan 16,411 14,Göteborg,14,57.7054889000649,11.9646048052577,True,031-342 02 01,+46313420201,Bup;,https://www.1177.se/hitta-vard/kontaktkort/BUP-DBT-mottagning-Goteborg/,1177_api_2026-08-26,2026-08-26
SE2321000016-3LL5,BUP DBT-team,Region,"Krukmakargatan 37A, Stockholm",Krukmakargatan 37A,,Stockholm,01,59.3166142888624,18.052007853055,True,08-123 531 70,+46812353170,Bup;,https://www.1177.se/hitta-vard/kontaktkort/BUP-DBT-team/,1177_api_2026-08-26,2026-08-26
SE2321000016-DDMV,BUP En väg in,Region,"Näsbydalsvägen 23, Täby",Näsbydalsvägen 23,,Täby,01,59.4367857987524,18.0637594211036,True,08-123 524 50,+46812352450,Bup;,https://www.1177.se/hitta-vard/kontaktkort/BUP-En-vag-in/,1177_api_2026-08-26,2026-08-26
SE2321000016-B15J,BUP Enhet för psykos och bipolär sjukdom,Region,"Arenavägen 33, Johanneshov",Arenavägen 33,,Johanneshov,01,59.2950642778504,18.0798523302814,True,08-123 668 83,+46812366883,Bup;,https://www.1177.se/hitta-vard/kontaktkort/BUP-Enhet-for-psykos-och-bipolar-sjukdom/,1177_api_2026-08-26,2026-08-26
SE2321000172-181S,BUP Fagersta,Region,"Västmanlands sjukhus Fagersta, ingång från Floravägen, Entréplan, Floravägen 1, Fagersta",Västmanlands sjukhus Fagersta,,Fagersta,19,59.9964147483876,15.8093258678165,True,0223-470 70,+4622347070,Bup;,https://www.1177.se/hitta-vard/kontaktkort/BUP-Fagersta/,1177_api_2026-08-26,2026-08-26
SE2321000016-14WG,BUP Farsta,Region,"Storforsplan 36, Farsta",Storforsplan 36,,Farsta,01,59.2415834804306,18.0939582631572,True,08-123 526 00,+46812352600,Bup;,https://www.1177.se/hitta-vard/kontaktkort/BUP-Farsta/,1177_api_2026-08-26,2026-08-26
SE2321000016-14WP,BUP Globen,Region,"Arenavägen 33, Johanneshov",Arenavägen 33,,Johanneshov,01,59.2950642778504,18.0798523302814,True,08-123 526 50,+46812352650,Bup;,https://www.1177.se/hitta-vard/kontaktkort/BUP-Globen/,1177_api_2026-08-26,2026-08-26
SE2321000131-E000000014755,"BUP gruppverksamhet, Göteborg",Region,"Drottninggatan 16, 411 14, Göteborg",Drottninggatan 16,411 14,Göteborg,14,57.7053296785186,11.9646888475981,True,031-342 10 00,+46313421000,Bup;,https://www.1177.se/hitta-vard/kontaktkort/BUP-gruppverksamhet-Goteborg/,1177_api_2026-08-26,2026-08-26
SE2321000016-B15F,BUP Heldygnsvårdsenhet 1,Region,"Sachsgatan 10, Stockholm",Sachsgatan 10,,Stockholm,01,59.3080371644427,18.0583265412017,True,08-123 669 70,+46812366970,Bup;,https://www.1177.se/hitta-vard/kontaktkort/BUP-Heldygnsvardsenhet-1/,1177_api_2026-08-26,2026-08-26
SE2321000016-B15H,BUP Heldygnsvårdsenhet 2,Region,"Sachsgatan 10, Stockholm",Sachsgatan 10,,Stockholm,01,59.3080371644427,18.0583265412017,True,08-123 669 60,+46812366960,Bup;,https://www.1177.se/hitta-vard/kontaktkort/BUP-Heldygnsvardsenhet-2/,1177_api_2026-08-26,2026-08-26
SE2321000016-CJQS,BUP Heldygnsvårdsenhet S:t Göran,Region,"Vårdvägen 1, Stockholm",Vårdvägen 1,,Stockholm,01,59.3350983928217,18.018198981977,True,08-123 520 90,+46812352090,Bup;,https://www.1177.se/hitta-vard/kontaktkort/BUP-Heldygnsvardsenhet-St-Goran/,1177_api_2026-08-26,2026-08-26
SE2321000016-14VS,BUP Huddinge,Region,"Patron Pehrs väg 8, Huddinge",Patron Pehrs väg 8,,Huddinge,01,59.2370367567593,17.9778271789638,True,08-123 529 00,+46812352900,Bup;,https://www.1177.se/hitta-vard/kontaktkort/BUP-Huddinge/,1177_api_2026-08-26,2026-08-26
SE2321000016-D6DG,BUP Internetbehandling,Region,"Gävlegatan 20, Stockholm",Gävlegatan 20,,Stockholm,01,59.346043424796,18.0356663331928,True,08-123 522 07,+46812352207,Bup;,https://www.1177.se/hitta-vard/kontaktkort/BUP-Internetbehandling/,1177_api_2026-08-26,2026-08-26
SE2321000016-3GX3,BUP Konsultenhet,Region,"Jägargatan 20, Stockholm",Jägargatan 20,,Stockholm,01,59.3091541405638,18.0518846219456,True,08-123 520 80,+46812352080,Bup;,https://www.1177.se/hitta-vard/kontaktkort/BUP-Konsultenhet/,1177_api_2026-08-26,2026-08-26
SE2321000016-14TQ,BUP Kungsholmen,Region,"Hantverkargatan 2D, Stockholm",Hantverkargatan 2D,,Stockholm,01,59.3286984209767,18.0532096025388,True,08-123 525 00,+46812352500,Bup;,https://www.1177.se/hitta-vard/kontaktkort/BUP-Kungsholmen/,1177_api_2026-08-26,2026-08-26
SE2321000016-902Z,BUP Könsinkongruens och könsdysfori,Region,"Gävlegatan 22, Stockholm",Gävlegatan 22,,Stockholm,01,59.3462823844945,18.0348204909488,True,08-123 522 20,+46812352220,Bup;,https://www.1177.se/hitta-vard/kontaktkort/BUP-Konsinkongruens-och-konsdysfori/,1177_api_2026-08-26,2026-08-26
SE2321000172-181V,BUP Köping,Region,"Vårdcentralen Ing 12, vån 2, Glasgatan 27, Köping",Vårdcentralen Ing 12,,Köping,19,59.5091765713145,16.0035786628726,True,0221-263 14,+4622126314,Bup;,https://www.1177.se/hitta-vard/kontaktkort/BUP-Koping/,1177_api_2026-08-26,2026-08-26
SE2321000131-E000000017318,"BUP medicinsk mottagning Uddevalla, Uddevalla",Region,"Södergatan 11, 451 40, Uddevalla",Södergatan 11,451 40,Uddevalla,14,58.3482976630075,11.9334708118119,True,010-435 19 50,+46104351950,Bup;,https://www.1177.se/hitta-vard/kontaktkort/BUP-medicinsk-mottagning-Uddevalla-Uddevalla/,1177_api_2026-08-26,2026-08-26
SE2321000016-361N,"BUP Mellanvårdsenhet Nordost, Danderyd",Region,"Vendevägen 90, Danderyd",Vendevägen 90,,Danderyd,01,59.3945350257699,18.0487111719342,True,08-123 521 50,+46812352150,Bup;,https://www.1177.se/hitta-vard/kontaktkort/BUP-Mellanvardsenhet-Nordost-Danderyd/,1177_api_2026-08-26,2026-08-26
SE2321000016-3622,BUP Mellanvårdsenhet Nordväst,Region,"Arenavägen 33, Johanneshov",Arenavägen 33,,Johanneshov,01,59.2950642778504,18.0798523302814,True,08-123 525 70,+46812352570,Bup;,https://www.1177.se/hitta-vard/kontaktkort/BUP-Mellanvardsenhet-Nordvast/,1177_api_2026-08-26,2026-08-26
SE2321000016-3627,BUP Mellanvårdsenhet Sydväst,Region,"Arenavägen 33, Johanneshov",Arenavägen 33,,Johanneshov,01,59.2950642778504,18.0798523302814,True,08-123 530 50,+46812353050,Bup;,https://www.1177.se/hitta-vard/kontaktkort/BUP-Mellanvardsenhet-Sydvast/,1177_api_2026-08-26,2026-08-26
SE2321000131-E000000018766,"BUP mellanvårdsmottagning, Göteborg",Region,"Torpagatan 24, 416 44, Göteborg",Torpagatan 24,416 44,Göteborg,14,57.7183945005206,12.0362620540378,True,031-343 52 50,+46313435250,Bup;,https://www.1177.se/hitta-vard/kontaktkort/BUP-mellanvardsmottagning-Goteborg/,1177_api_2026-08-26,2026-08-26
SE2321000131-E000000013047,"BUP mottagning 0-5 år Uddevalla, Uddevalla",Region,"Strömstadsvägen 28 B, 451 50, Uddevalla",Strömstadsvägen 28 B,451 50,Uddevalla,14,58.3529388014434,11.9255932083204,True,010-435 19 50,+46104351950,Bup;,https://www.1177.se/hitta-vard/kontaktkort/BUP-mottagning-0-5-ar-Uddevalla-Uddevalla/,1177_api_2026-08-26,2026-08-26
SE2321000131-E000000010873,"BUP mottagning Alingsås, Alingsås",Region,"Södra Ringgatan 28A, 441 33, Alingsås",Södra Ringgatan 28A,441 33,Alingsås,14,57.9290765602531,12.5246911709049,True,0322-22 66 35,+46322226635,Bup;,https://www.1177.se/hitta-vard/kontaktkort/BUP-mottagning-Alingsas-Alingsas/,1177_api_2026-08-26,2026-08-26
SE2321000131-E000000010872,"BUP mottagning Borås, Borås",Region,"Brämhultsvägen 53, 504 55, Borås",Brämhultsvägen 53,504 55,Borås,14,57.7249189218925,12.9639531228274,True,033-616 27 50,+46336162750,Bup;,https://www.1177.se/hitta-vard/kontaktkort/BUP-mottagning-Boras-Boras/,1177_api_2026-08-26,2026-08-26
SE2321000206-E00923,BUP mottagning Härnösand,Region,"Södra Vägen 3-5, Härnösand",Södra Vägen 3-5,,Härnösand,22,62.6240688281813,17.9306503727162,True,0611-844 80,+4661184480,Bup;,https://www.1177.se/hitta-vard/kontaktkort/BUP-mottagning-Harnosand/,1177_api_2026-08-26,2026-08-26
SE2321000131-E000000006707,BUP mottagning Mariestad,Region,"Lockerudsvägen 12 A, 542 45, Mariestad",Lockerudsvägen 12 A,542 45,Mariestad,14,58.7036736258463,13.7961943100137,True,010-473 92 25,+46104739225,"Psykologverksamhet, barn och ungdom;1033;Bup;",https://www.1177.se/hitta-vard/kontaktkort/BUP-mottagning-Mariestad/,1177_api_2026-08-26,2026-08-26
SE2321000131-E000000010875,"BUP mottagning Skene, Skene",Region,"Varbergsvägen 50, 511 61, Skene",Varbergsvägen 50,511 61,Skene,14,57.4930472428437,12.6471608790734,True,0320-77 93 30,+46320779330,Bup;,https://www.1177.se/hitta-vard/kontaktkort/BUP-mottagning-Skene-Skene/,1177_api_2026-08-26,2026-08-26
SE2321000131-E000000006717,BUP mottagning Skövde,Region,"Lövängsvägen 1, 549 49, Skövde",Lövängsvägen 1,549 49,Skövde,14,58.4268537752739,13.8520408400991,True,010-473 92 25,+46104739225,Bup;,https://www.1177.se/hitta-vard/kontaktkort/BUP-mottagning-Skovde/,1177_api_2026-08-26,2026-08-26
SE2321000206-E00925,BUP mottagning Sollefteå,Region,"Lasarettsgatan 1, Sollefteå",Lasarettsgatan 1,,Sollefteå,22,63.1744499351731,17.2353584037792,True,0620-192 74,+4662019274,Bup;,https://www.1177.se/hitta-vard/kontaktkort/BUP-mottagning-Solleftea/,1177_api_2026-08-26,2026-08-26
SE2321000206-E00918,BUP mottagning Sundsvall,Region,"Lasarettsvägen 21, Sundsvalls Sjukhus",Lasarettsvägen 21,,Sundsvalls Sjukhus,22,62.4068400049407,17.3074849663611,True,060-18 14 02,+4660181402,Bup;,https://www.1177.se/hitta-vard/kontaktkort/BUP-mottagning-Sundsvall/,1177_api_2026-08-26,2026-08-26
SE2321000206-E00924,BUP mottagning Örnsköldsvik,Region,"Nygatan 56 D, Örnsköldsvik",Nygatan 56 D,,Örnsköldsvik,22,63.2985676874051,18.71405778159,True,0660-894 40,+4666089440,Bup;,https://www.1177.se/hitta-vard/kontaktkort/BUP-mottagning-Ornskoldsvik/,1177_api_2026-08-26,2026-08-26
SE2321000016-H4RB,"BUP Neuropsykiatri Nordost, Danderyd",Region,"Svärdvägen 23, Danderyd",Svärdvägen 23,,Danderyd,01,59.4019176637405,18.0360615502496,True,08-123 523 30,+46812352330,Bup;,https://www.1177.se/hitta-vard/kontaktkort/BUP-Neuropsykiatri-Nordost-Danderyd/,1177_api_2026-08-26,2026-08-26
SE2321000016-G8K3,"BUP Neuropsykiatri Nordväst, Solna",Region,"Armégatan 40, Solna",Armégatan 40,,Solna,01,59.3490989750622,17.9973946461076,True,08-123 531 30,+46812353130,Bup;,https://www.1177.se/hitta-vard/kontaktkort/BUP-Neuropsykiatri-Nordvast-Solna/,1177_api_2026-08-26,2026-08-26
SE2321000016-FKFF,"BUP Neuropsykiatri Sydost, Nacka",Region,"Hesselmans Torg 6, Nacka",Hesselmans Torg 6,,Nacka,01,59.3061348835493,18.1202277186692,True,08-123 521 80,+46812352180,Bup;,https://www.1177.se/hitta-vard/kontaktkort/BUP-Neuropsykiatri-Sydost-Nacka/,1177_api_2026-08-26,2026-08-26
SE2321000016-J7W2,BUP Neuropsykiatri Sydväst 2,Region,"Arenavägen 33, Johanneshov",Arenavägen 33,,Johanneshov,01,59.2950642778504,18.0798523302814,True,08-123 532 00,+46812353200,Bup;,https://www.1177.se/hitta-vard/kontaktkort/BUP-Neuropsykiatri-Sydvast-2/,1177_api_2026-08-26,2026-08-26
SE2321000016-GF9X,"BUP Neuropsykiatri Sydväst, Älvsjö",Region,"Prästgårdsgränd 2, Älvsjö",Prästgårdsgränd 2,,Älvsjö,01,59.280390440513,18.0120335668939,True,08-123 528 80,+46812352880,Bup;,https://www.1177.se/hitta-vard/kontaktkort/BUP-Neuropsykiatri-Sydvast-Alvsjo/,1177_api_2026-08-26,2026-08-26
SE2321000016-FWJT,BUP Neuropsykiatri Väst 1,Region,"Tunnlandet 11, Bromma",Tunnlandet 11,,Bromma,01,59.3376705757393,17.9376698761279,True,08-123 527 40,+46812352740,Bup;,https://www.1177.se/hitta-vard/kontaktkort/BUP-Neuropsykiatri-Vast-1/,1177_api_2026-08-26,2026-08-26
SE2321000016-HKNH,"BUP Neuropsykiatri Väst 2, Bromma",Region,"Tunnlandet 11, Bromma",Tunnlandet 11,,Bromma,01,59.3376705757393,17.9376698761279,True,08-123 525 50,+46812352550,Bup;,https://www.1177.se/hitta-vard/kontaktkort/BUP-Neuropsykiatri-Vast-2-Bromma/,1177_api_2026-08-26,2026-08-26
SE2321000131-E000000005793,"BUP Neuropsykiatrisk mottagning Kungälv, Kungälv",Region,"Rollsbovägen 58, 442 40, Kungälv",Rollsbovägen 58,442 40,Kungälv,14,57.8886046900753,11.9502827898072,True,0303-24 10 32,+46303241032,Bup;,https://www.1177.se/hitta-vard/kontaktkort/BUP-Neuropsykiatrisk-mottagning-Kungalv-Kungalv/,1177_api_2026-08-26,2026-08-26
SE2321000115-F39690,Bup OCD länsteam,Region,,,,,,,,False,035-13 48 87,+4635134887,Bup;,https://www.1177.se/hitta-vard/kontaktkort/Bup-OCD-lansteam/,,2026-08-26
SE2321000016-1H7F,BUP OCD och relaterade tillstånd,Region,"Gävlegatan 22, Stockholm",Gävlegatan 22,,Stockholm,01,59.3462823844945,18.0348204909488,True,08-123 522 20,+46812352220,Bup;,https://www.1177.se/hitta-vard/kontaktkort/BUP-OCD-och-relaterade-tillstand/,1177_api_2026-08-26,2026-08-26
SE2321000016-G8K2,BUP Projektenhet,Region,"Krukmakargatan 37A, Stockholm",Krukmakargatan 37A,,Stockholm,01,59.3166142888624,18.052007853055,True,08-123 531 70,+46812353170,Bup;,https://www.1177.se/hitta-vard/kontaktkort/BUP-Projektenhet/,1177_api_2026-08-26,2026-08-26
SE2321000115-F55715,"Bup Psykos- och bipolärteamet, Halmstad",Region,"Vindrosvägen 4, Halmstad",Vindrosvägen 4,,Halmstad,13,56.6676338958785,12.8541012757683,True,035-13 10 00,+4635131000,Bup;,https://www.1177.se/hitta-vard/kontaktkort/BUP-Psykos-och-bipolarteamet-Halmstad/,1177_api_2026-08-26,2026-08-26
SE2321000131-E000000017631,"BUP regional utredningsmottagning, Göteborg",Region,"Drottninggatan 16, 411 14, Göteborg",Drottninggatan 16,411 14,Göteborg,14,57.7054889000649,11.9646048052577,True,010-435 86 60,+46104358660,Bup;,https://www.1177.se/hitta-vard/kontaktkort/BUP-regional-utredningsmottagning-Goteborg/,1177_api_2026-08-26,2026-08-26
SE2321000172-181T,BUP Sala,Region,"Västmanlands sjukhus Sala, Ingång 1, Järnvägsgatan 7A, Sala",Västmanlands sjukhus Sala,,Sala,19,59.925593245114,16.6004728537,True,0224-585 36,+4622458536,Bup;,https://www.1177.se/hitta-vard/kontaktkort/BUP-Sala/,1177_api_2026-08-26,2026-08-26
SE2321000016-14VK,BUP Sickla,Region,"Hesselmans Torg 6, Nacka",Hesselmans Torg 6,,Nacka,01,59.3061348835493,18.1202277186692,True,08-123 528 00,+46812352800,Bup;,https://www.1177.se/hitta-vard/kontaktkort/BUP-Sickla/,1177_api_2026-08-26,2026-08-26
SE2321000016-14WK,BUP Skärholmen,Region,"Storholmsgatan 11, Skärholmen",Storholmsgatan 11,,Skärholmen,01,59.2753508867507,17.9079473758366,True,08-123 529 50,+46812352950,Bup;,https://www.1177.se/hitta-vard/kontaktkort/BUP-Skarholmen/,1177_api_2026-08-26,2026-08-26
SE2321000206-E01721,BUP slutenvård Sundsvall,Region,Igeltjärnsvägen 10,Igeltjärnsvägen 10,,Igeltjärnsvägen 10,22,62.409444130739,17.2998179754151,True,060-18 25 07,+4660182507,Bup;,https://www.1177.se/hitta-vard/kontaktkort/BUP-slutenvard-Sundsvall/,1177_api_2026-08-26,2026-08-26
SE2321000016-14V5,BUP Sollentuna,Region,"Tingsvägen 19, Sollentuna",Tingsvägen 19,,Sollentuna,01,59.429146368375,17.9468747600649,True,08-123 522 50,+46812352250,Bup;,https://www.1177.se/hitta-vard/kontaktkort/BUP-Sollentuna/,1177_api_2026-08-26,2026-08-26
SE2321000131-E000000001029,"BUP Specialmottagning, Göteborg",Region,"Drottninggatan 16, 411 14, Göteborg",Drottninggatan 16,411 14,Göteborg,14,57.7054889000649,11.9646048052577,True,031-342 02 01,+46313420201,Bup;,https://www.1177.se/hitta-vard/kontaktkort/BUP-Specialmottagning-Goteborg/,1177_api_2026-08-26,2026-08-26
SE162321000024-0081434,"BUP start, Uppsala",Region,"Kungsgatan 38, Uppsala",Kungsgatan 38,,Uppsala,03,59.8604025358048,17.6408523608734,True,018-611 24 10,+46186112410,Bup;,https://www.1177.se/hitta-vard/kontaktkort/BUP-start-Uppsala/,1177_api_2026-08-26,2026-08-26
SE2321000172-3GNJ,"BUP Start, Västerås",Region,"Rosenfinksgatan 12, Västerås",Rosenfinksgatan 12,,Västerås,19,59.6092105059261,16.4875660277135,True,021-481 88 00,+46214818800,Bup;,https://www.1177.se/hitta-vard/kontaktkort/BUP-Start-Vasteras/,1177_api_2026-08-26,2026-08-26
SE2321000016-14VP,BUP Södertälje,Region,"Dalgatan 35, Södertälje",Dalgatan 35,,Södertälje,01,59.1990902141723,17.6165680708274,True,08-123 530 00,+46812353000,Bup;,https://www.1177.se/hitta-vard/kontaktkort/BUP-Sodertalje/,1177_api_2026-08-26,2026-08-26
SE2321000016-45DX,BUP Team för döva och hörselskadade,Region,"Arenavägen 33, Johanneshov",Arenavägen 33,,Johanneshov,01,59.2950642778504,18.0798523302814,True,08-123 526 50,+46812352650,Bup;,https://www.1177.se/hitta-vard/kontaktkort/BUP-team-for-dova-och-horselskadade/,1177_api_2026-08-26,2026-08-26
SE2321000016-14W4,BUP Traumaenhet,Region,"Tideliusgatan 22, Stockholm",Tideliusgatan 22,,Stockholm,01,59.3101090929866,18.0620991888785,True,08-123 531 00,+46812353100,Bup;,https://www.1177.se/hitta-vard/kontaktkort/BUP-Traumaenhet/,1177_api_2026-08-26,2026-08-26
SE2321000131-E000000001313,"BUP Väst mottagning Lysekil, Lysekil",Region,"Lasarettsgatan 1, 453 34, Lysekil",Lasarettsgatan 1,453 34,Lysekil,14,58.2801080386404,11.439553084407,True,010-435 19 50,+46104351950,Bup;,https://www.1177.se/hitta-vard/kontaktkort/BUP-Vast-mottagning-Lysekil-Lysekil/,1177_api_2026-08-26,2026-08-26
SE2321000131-E000000001314,"BUP Väst mottagning plan 5 Uddevalla sjukhus, Uddevalla",Region,"Fjällvägen 9, 451 53, Uddevalla",Fjällvägen 9,451 53,Uddevalla,14,58.355854473495,11.9292738930701,True,010-435 19 50,+46104351950,Bup;,https://www.1177.se/hitta-vard/kontaktkort/BUP-Vast-mottagning-plan-5-Uddevalla-sjukhus-Uddevalla/,1177_api_2026-08-26,2026-08-26
SE2321000131-E000000001312,"BUP Väst mottagning Strömstad, Strömstad",Region,"Västra Hamngatan 10, 452 37, Strömstad",Västra Hamngatan 10,452 37,Strömstad,14,58.9409094875942,11.1685412328653,True,010-435 19 50,+46104351950,Bup;,https://www.1177.se/hitta-vard/kontaktkort/BUP-Vast-mottagning-Stromstad-Stromstad/,1177_api_2026-08-26,2026-08-26
SE2321000172-1821,BUP Västerås,Region,"Västmanlands sjukhus Västerås, Ingång 24, Adelsögatan 38, Västerås",Västmanlands sjukhus Västerås,,Västerås,19,59.6197406589333,16.5857111349937,True,021-17 31 24,+4621173124,Bup;,https://www.1177.se/hitta-vard/kontaktkort/BUP-Vasteras/,1177_api_2026-08-26,2026-08-26
SE2321000131-E000000001311,"BUP Öst mottagning Bäckefors, Bäckefors",Region,"Dalslands Sjukhus, 668 40, Bäckefors",Dalslands Sjukhus,668 40,Bäckefors,14,58.7979666430595,12.1607208419823,True,010-435 19 50,+46104351950,Bup;,https://www.1177.se/hitta-vard/kontaktkort/BUP-Ost-mottagning-Backefors-Backefors/,1177_api_2026-08-26,2026-08-26
SE2321000131-E000000001309,"BUP Öst mottagning Trollhättan, Trollhättan",Region,"Tingvallavägen 33, 461 32, Trollhättan",Tingvallavägen 33,461 32,Trollhättan,14,58.2818461246828,12.3008263934558,True,010-435 19 50,+46104351950,Bup;,https://www.1177.se/hitta-vard/kontaktkort/BUP-Ost-mottagning-Trollhattan-Trollhattan/,1177_api_2026-08-26,2026-08-26
SE2321000131-E000000018259,"BUP Öst mottagning Åmål, Åmål",Region,"Södra Långgatan 12, 662 30, Åmål",Södra Långgatan 12,662 30,Åmål,14,59.0490426372668,12.7035444656607,True,010-435 19 50,+46104351950,Bup;,https://www.1177.se/hitta-vard/kontaktkort/BUP-Ost-mottagning-Amal-Amal/,1177_api_2026-08-26,2026-08-26
SE2321000131-E000000001021,"BUP-mottagning Gamlestaden, Göteborg",Region,"Väverigatan 13, 41511, Göteborg",Väverigatan 13,415 11,Göteborg,14,57.7263256075053,12.0066764313866,True,031-342 02 01,+46313420201,Bup;,https://www.1177.se/hitta-vard/kontaktkort/BUP-mottagning-Gamlestaden-Goteborg/,1177_api_2026-08-26,2026-08-26
SE2321000131-E000000001016,"BUP-mottagning Hisingen, Göteborg",Region,"Gamla Tuvevägen 15 B, 41705, Göteborg",Gamla Tuvevägen 15 B,417 05,Göteborg,14,57.7246952140796,11.946893673415,True,031-342 02 01,+46313420201,Bup;,https://www.1177.se/hitta-vard/kontaktkort/BUP-mottagning-Hisingen-Goteborg/,1177_api_2026-08-26,2026-08-26
SE2321000131-E000000001020,"BUP-mottagning Krokslätt, Mölndal",Region,"Fredåsgatan 13, 43167, Mölndal",Fredåsgatan 13,431 67,Mölndal,14,57.6737848189461,12.0084407889161,True,031-342 02 01,+46313420201,Bup;,https://www.1177.se/hitta-vard/kontaktkort/BUP-mottagning-Krokslatt-Molndal/,1177_api_2026-08-26,2026-08-26
SE2321000131-E000000001019,"BUP-mottagning Kungshöjd, Göteborg",Region,"Kungsgatan 11, 41119, Göteborg",Kungsgatan 11,411 19,Göteborg,14,57.7033139465345,11.9610579642689,True,031-342 02 01,+46313420201,Bup;,https://www.1177.se/hitta-vard/kontaktkort/BUP-mottagning-Kungshojd-Goteborg/,1177_api_2026-08-26,2026-08-26
SE2321000131-E000000003626,"BUP-mottagning Stenungsund, Stenungsund",Region,"Östra Köpmansgatan 20 A, 444 30, Stenungsund",Östra Köpmansgatan 20 A,444 30,Stenungsund,14,58.0685106188885,11.8172765413421,True,0303-24 10 32,+46303241032,Bup;,https://www.1177.se/hitta-vard/kontaktkort/BUP-mottagning-Stenungsund-Stenungsund/,1177_api_2026-08-26,2026-08-26
SE2321000115-O27255,Bup-mottagningen Falkenberg,Region,"Violinvägen 1, Falkenberg",Violinvägen 1,,Falkenberg,13,56.9206437394291,12.5077113478581,True,0346-561 25,+4634656125,Bup;,https://www.1177.se/hitta-vard/kontaktkort/BUP-mottagningen-Falkenberg/,1177_api_2026-08-26,2026-08-26
SE2321000115-O27030,Bup-mottagningen Halmstad,Region,"Hallands sjukhus Halmstad, ingång 1",Hallands sjukhus Halmstad,,ingång 1,13,56.6821110373205,12.8447402750452,True,035-13 17 50,+4635131750,Bup;,https://www.1177.se/hitta-vard/kontaktkort/BUP-mottagningen-Halmstad/,1177_api_2026-08-26,2026-08-26
SE2321000115-F28071,Bup-mottagningen Hyltebruk,Region,"Odengatan 1, Hyltebruk",Odengatan 1,,Hyltebruk,13,56.9939742961695,13.2393472129205,True,035-13 17 50,+4635131750,Bup;,https://www.1177.se/hitta-vard/kontaktkort/BUP-mottagningen-Hyltebruk/,1177_api_2026-08-26,2026-08-26
SE2321000115-O56357,Bup-mottagningen Kungsbacka,Region,"Faktorvägen 1, Kungsbacka",Faktorvägen 1,,Kungsbacka,13,57.5094624115135,12.0799057075713,True,0300-56 52 17,+46300565217,Bup;,https://www.1177.se/hitta-vard/kontaktkort/BUP-mottagningen-Kungsbacka/,1177_api_2026-08-26,2026-08-26
SE2321000115-F14978,Bup-mottagningen Laholm,Region,"Doktorsstigen 4, Laholm",Doktorsstigen 4,,Laholm,13,56.5105115375289,13.0386174711545,True,035-13 17 50,+4635131750,Bup;,https://www.1177.se/hitta-vard/kontaktkort/BUP-mottagningen-Laholm/,1177_api_2026-08-26,2026-08-26
SE2321000115-O14986,Bup-mottagningen Varberg,Region,"Träslövsvägen 25A, Varberg",Träslövsvägen 25A,,Varberg,13,57.1038541439282,12.2647466603485,True,0340-48 24 40,+46340482440,Bup;,https://www.1177.se/hitta-vard/kontaktkort/BUP-mottagningen-Varberg/,1177_api_2026-08-26,2026-08-26
SE2321000040-4H39,"BUP-mottagningen, Barn och ungdomspsykiatriska kliniken US",Region,"Universitetssjukhuset, Ingång 30, Linköping",Universitetssjukhuset,,Linköping,05,58.4001674775444,15.6230810584331,True,010-105 96 75,+46101059675,Bup;,https://www.1177.se/hitta-vard/kontaktkort/BUP-mottagningen-Barn-och-ungdomspsykiatriska-kliniken-US/,1177_api_2026-08-26,2026-08-26
SE2321000180-5HZC,Capio Barn- och ungdomspsykiatri Falun,Privat,Östra Hamngatan 24,Östra Hamngatan 24,,Östra Hamngatan 24,20,60.60717612428,15.6283869352262,True,023-664 05 50,+46236640550,Bup;,https://www.1177.se/hitta-vard/kontaktkort/Capio-Barn-och-ungdomspsykiatri-Falun/,1177_api_2026-08-26,2026-08-26
SE162321000156-5CDC,"Centrum för tidiga insatser, Karlstad",Region,"Hamnpirsgatan 2, Karlstad",Hamnpirsgatan 2,,Karlstad,17,59.3738305759487,13.5231426718557,True,010-831 41 34,+46108314134,Bup;,https://www.1177.se/hitta-vard/kontaktkort/Centrum-for-tidiga-insatser-Karlstad/,1177_api_2026-08-26,2026-08-26
SE2321000065-7330028003107,DBT-mottagningen barn och unga,Region,,,,,,,,False,0470-58 61 10,+46470586110,"Psykologverksamhet, barn och ungdom;1033;Bup;",https://www.1177.se/hitta-vard/kontaktkort/DBT-mottagningen-barn-och-unga/,,2026-08-26
SE2321000131-E000000016619,"En väg in - barn och unga med psykisk ohälsa, Göteborg",Region,"Drottninggatan 16, 411 14, Göteborg",Drottninggatan 16,411 14,Göteborg,14,57.7054889000649,11.9646048052577,True,010-435 86 50,+46104358650,Bup;,https://www.1177.se/hitta-vard/kontaktkort/En-vag-in-barn-och-unga-med-psykisk-ohalsa-Goteborg/,1177_api_2026-08-26,2026-08-26
SE2321000081-1156,En väg in - kontaktcenter barn och ungas psykiska hälsa Blekinge,Region,,,,,,,,False,0455-73 10 30,+46455731030,Bup;,https://www.1177.se/hitta-vard/kontaktkort/En-vag-in-kontaktcenter-barn-och-ungas-psykiska-halsa-Blekinge/,,2026-08-26
SE2321000016-H07C,"En väg in - kontaktcenter barn och ungas psykiska hälsa, Gotland",Region,,,,,,,,False,0498-26 88 00,+46498268800,Bup;,https://www.1177.se/hitta-vard/kontaktkort/En-vag-in-kontaktcenter-barn-och-ungas-psykiska-halsa-Gotland/,,2026-08-26
SE2321000115-O53227,En väg in - kontaktcenter barn och ungas psykiska hälsa Halland,Region,,,,,,,,False,010-476 19 99,+46104761999,Bup;,https://www.1177.se/hitta-vard/kontaktkort/En-vag-in-kontaktcenter-barn-och-ungas-psykiska-halsa-Halland/,,2026-08-26
SE2321000073-F7F7,En väg in - psykisk hälsa barn och unga Kalmar län,Region,,,,,,,,False,010-358 81 00,+46103588100,Bup;,https://www.1177.se/hitta-vard/kontaktkort/En-vag-in-psykisk-halsa-barn-och-unga-Kalmar-lan/,,2026-08-26
SE2321000198-051175,En väg in barn och unga med psykisk ohälsa Gävleborg,Region,"Nyhedsbacken 8, 821 31 Bollnäs",Nyhedsbacken 8,821 31,Bollnäs,21,61.3490955,16.3742248,True,077-144 55 00,+46771445500,Bup;,https://www.1177.se/hitta-vard/kontaktkort/En-vag-in-barn-och-unga-med-psykisk-ohalsa-Gavleborg/,nominatim_fallback_2026-08-26,2026-08-26
SE2321000057-BZ62,En väg in barn och unga psykisk hälsa,Region,,,,,,,,False,010-241 10 30,+46102411030,"Psykologverksamhet, barn och ungdom;1033;Bup;",https://www.1177.se/hitta-vard/kontaktkort/En-vag-in-barn-och-unga-psykisk-halsa/,,2026-08-26
SE2321000180-4SGJ,En väg in Barn- och ungdomspsykiatri Dalarna,Region,,,,,,,,False,010-249 00 70,+46102490070,Bup;,https://www.1177.se/hitta-vard/kontaktkort/En-vag-in-Barn-och-ungdomspsykiatri-Dalarna/,,2026-08-26
SE2321000065-7330028503577,En väg in för barn och ungdomar med psykisk ohälsa mottagning,Region,Västra Esplanaden 9A Växjö,Västra Esplanaden 9A Växjö,,Västra Esplanaden 9A Växjö,07,56.8812789055061,14.8012715086598,True,0470-58 68 00,+46470586800,Bup;,https://www.1177.se/hitta-vard/kontaktkort/En-vag-in-for-barn-och-ungdomar-med-psykisk-ohalsa-mottagning/,1177_api_2026-08-26,2026-08-26
SE162321000024-0082177,En väg in för barn och ungdomar med psykisk ohälsa,Region,,,,,,,,False,018-611 25 29,+46186112529,"Psykologverksamhet, barn och ungdom;1033;Bup;",https://www.1177.se/hitta-vard/kontaktkort/En-vag-in-for-barn-och-ungdomar-med-psykisk-ohalsa-1/,,2026-08-26
SE2321000172-3WKR,En väg in för barn och ungdomar med psykisk ohälsa,Region,,,,,,,,False,021-17 34 74,+4621173474,"Psykologverksamhet, barn och ungdom;1033;Bup;",https://www.1177.se/hitta-vard/kontaktkort/En-vag-in-for-barn-och-ungdomar-med-psykisk-ohalsa/,,2026-08-26
SE162321000024-0018718,Enheten för intensiv kontextuell behandling,Region,"Dag Hammarskjöldsväg 13, Uppsala",Dag Hammarskjöldsväg 13,,Uppsala,03,59.8507987393464,17.6348451207928,True,018-726 32 37,+46187263237,Bup;,https://www.1177.se/hitta-vard/kontaktkort/Enheten-for-intensiv-kontextuell-behandling/,1177_api_2026-08-26,2026-08-26
SE2321000065-7330028126707,"Familjehälsan mottagning, Växjö",Region,"Västra Esplanaden 9 A, plan 2, Växjö Kungshögsgatan 25, plan 5, Ljungby",Västra Esplanaden 9 A,,Ljungby,07,56.8812789055061,14.8012715086598,True,0470-58 80 00,+46470588000,"Psykologverksamhet, barn och ungdom;1033;Bup;",https://www.1177.se/hitta-vard/kontaktkort/Familjehalsan-mottagning-Vaxjo/,1177_api_2026-08-26,2026-08-26
SE2321000180-472P,Familjeterapienhet Barn- och ungdomspsykiatri Falun,Region,"Psilanders väg 4, Falu lasarett",Psilanders väg 4,,Falu lasarett,20,60.6097626414596,15.643892099117,True,023-49 12 34,+4623491234,Bup;,https://www.1177.se/hitta-vard/kontaktkort/Familjeterapienhet-Barn-och-ungdomspsykiatri-Falun/,1177_api_2026-08-26,2026-08-26
SE162321000255-O33148,"Forskningsmottagning barn- och ungdomspsykiatri Lund, Lund",Region,"Lovisastigen 11, Lund",Lovisastigen 11,,Lund,12,55.7177626231704,13.2006591950662,True,046-17 28 86,+4646172886,Bup;,https://www.1177.se/hitta-vard/kontaktkort/Forskningsmottagning-barn-och-ungdomspsykiatri-Lund-Lund/,1177_api_2026-08-26,2026-08-26
SE2321000222-0000542,Freja ätstörningsmottagning Umeå,Region,"Akutvägen 4C, Norrlands universitetssjukhus, 901 85 Umeå",Akutvägen 4C,901 85,Umeå,24,63.8166287113838,20.2971103658472,True,090-785 09 61,+46907850961,Bup;,https://www.1177.se/hitta-vard/kontaktkort/Freja-atstorningsmottagning-Umea/,1177_api_2026-08-26,2026-08-26
SE2321000164-013FB,"Första kontakten psykisk ohälsa barn och unga, Örebro",Region,"Universitetssjukhuset Örebro, entré E",Universitetssjukhuset Örebro,,entré E,18,59.2741846366689,15.2295626767802,True,019-602 58 00,+46196025800,"Psykologverksamhet, barn och ungdom;1033;Bup;",https://www.1177.se/hitta-vard/kontaktkort/Forsta-kontakten-psykisk-ohalsa-barn-och-unga-Orebro/,1177_api_2026-08-26,2026-08-26
SE2321000016-8QCV,"Första linjen för barn och unga, Visby",Region,"Fortunagatan 1, VISBY",Fortunagatan 1,,VISBY,09,57.643025268705,18.310935821886,True,0498-26 80 86,+46498268086,Bup;,https://www.1177.se/hitta-vard/kontaktkort/Forsta-linjen-for-barn-och-unga-Visby/,1177_api_2026-08-26,2026-08-26
SE2321000164-12FJ,"Förstärkt barn- och ungdomspsykiatrisk öppenvård BUP USÖ, Örebro",Region,"Universitetssjukhuset Örebro, entré E",Universitetssjukhuset Örebro,,entré E,18,59.2741846366689,15.2295626767802,True,019-602 57 04,+46196025704,"Psykologverksamhet, barn och ungdom;1033;Bup;",https://www.1177.se/hitta-vard/kontaktkort/Forstarkt-barn-och-ungdomspsykiatrisk-oppenvard-BUP-USO-Orebro/,1177_api_2026-08-26,2026-08-26
SE2321000040-4H3H,"Föräldrar-spädbarnsverksamheten Hagadal, Barn och ungdomspsykiatriska kliniken US",Region,"Djurgårdsgatan 1, Linköping",Djurgårdsgatan 1,,Linköping,05,58.4090047676715,15.6189980612208,True,010-103 47 45,+46101034745,Bup;,https://www.1177.se/hitta-vard/kontaktkort/Foraldrar-spadbarnsverksamheten-Hagadal-Barn-och-ungdomspsykiatriska-kliniken-US/,1177_api_2026-08-26,2026-08-26
SE162321000024-0069142,Habiliteringsmottagningen för barn och ungdomspsykiatri,Region,"S:t Johannesgatan 28 A, Uppsala",S:t Johannesgatan 28 A,,Uppsala,03,59.8554651664002,17.6213763040533,True,018-611 68 68,+46186116868,Bup;,https://www.1177.se/hitta-vard/kontaktkort/Habiliteringsmottagningen-for-barn-och-ungdomspsykiatri/,1177_api_2026-08-26,2026-08-26
SE2321000222-0000113,Hörnefors hälsocentral,Region,"Bruksgatan 4, 905 32 Hörnefors",Bruksgatan 4,905 32,Hörnefors,24,63.6243374808842,19.90918239709,True,090-785 91 05,+46907859105,"Psykologverksamhet, barn och ungdom;1033;Diabetesverksamhet, primärvård;1142;Psykologverksamhet, vuxna;1411;Vårdcentral;100002;Bup;;Hälsocentral;",https://www.1177.se/hitta-vard/kontaktkort/Hornefors-halsocentral/,1177_api_2026-08-26,2026-08-26
SE2321000180-5L1L,JeWe Barn- och ungdomspsykiatri Borlänge,Privat,Nygårdsvägen 1,Nygårdsvägen 1,,Nygårdsvägen 1,20,60.4836772645397,15.4313858897443,True,023-70 50 82,+4623705082,"Psykologverksamhet, barn och ungdom;1033;Bup;",https://www.1177.se/hitta-vard/kontaktkort/JeWe-Barn-och-ungdomspsykiatri-Borlange/,1177_api_2026-08-26,2026-08-26
SE2321000222-0284515,Kontaktcenter barn och unga psykisk hälsa Västerbotten,Region,"Norrlands Universitetssjukhus, 901 85 Umeå",Norrlands Universitetssjukhus,901 85,Umeå,24,63.8172248,20.29956,True,090-785 93 02,+46907859302,"Psykologverksamhet, barn och ungdom;1033;Bup;",https://www.1177.se/hitta-vard/kontaktkort/Kontaktcenter-barn-och-unga-psykisk-halsa-Vasterbotten/,nominatim_fallback_2026-08-26,2026-08-26
SE2321000131-E000000007675,"Kvarterskliniken Avenyn, Centrum",Privat,"Kungsportsavenyen 33, 411 36, Göteborg",Kungsportsavenyen 33,411 36,Göteborg,14,57.6990248457879,11.9763860822379,True,031-339 99 70,+46313399970,"Diabetesverksamhet, primärvård;1142;Psykologverksamhet, vuxna;1411;Vårdcentral;100002;Barnavårdscentral;;Bup;;Hälsocentral;",https://www.1177.se/hitta-vard/kontaktkort/Kvarterskliniken-Avenyn-Centrum/,1177_api_2026-08-26,2026-08-26
SE2321000131-E000000007672,"Kvarterskliniken Lorensberg, Centrum",Privat,"Kungsportsavenyen 33, 411 36, Göteborg",Kungsportsavenyen 33,411 36,Göteborg,14,57.6990696396754,11.9763813480576,True,031-339 93 03,+46313399303,"Diabetesverksamhet, primärvård;1142;Psykologverksamhet, vuxna;1411;Vårdcentral;100002;Barnavårdscentral;;Bup;;Hälsocentral;",https://www.1177.se/hitta-vard/kontaktkort/Kvarterskliniken-Lorensberg-Centrum/,1177_api_2026-08-26,2026-08-26
SE2321000131-E000000015964,"Könsidentitetsmottagning, Göteborg",Region,"Ekelundsgatan 1, 411 18, Göteborg",Ekelundsgatan 1,411 18,Göteborg,14,57.7051305079376,11.9607980030409,True,031-343 33 90,+46313433390,Bup;,https://www.1177.se/hitta-vard/kontaktkort/Konsidentitetsmottagning-Goteborg/,1177_api_2026-08-26,2026-08-26
SE2321000040-8KWM,"Könsidentitetsmottagningen, Barn och ungdomspsykiatriska kliniken US",Region,"Universitetssjukhuset, Tinnerbäckshuset, ingång 30, Linköping",Universitetssjukhuset,,Linköping,05,58.4001674775444,15.6230810584331,True,010-105 96 75,+46101059675,Bup;,https://www.1177.se/hitta-vard/kontaktkort/Konsidentitetsmottagningen-Barn-och-ungdomspsykiatriska-kliniken-US/,1177_api_2026-08-26,2026-08-26
SE2321000040-4H3G,"Mellanvården BUP, Barn och ungdomspsykiatriska kliniken US",Region,"Universitetssjukhuset, Tinnerbäckshuset, ingång 30, Linköping",Universitetssjukhuset,,Linköping,05,58.4001674775444,15.6230810584331,True,010-105 96 75,+46101059675,Bup;,https://www.1177.se/hitta-vard/kontaktkort/Mellanvarden-BUP-Barn-och-ungdomspsykiatriska-kliniken-US/,1177_api_2026-08-26,2026-08-26
SE2321000180-5SL2,Mini-Maria Barn- och ungdomspsykiatri Falun,Region,Psilanders väg 1,Psilanders väg 1,,Psilanders väg 1,20,60.6101058860205,15.6457162052664,True,023-49 21 47,+4623492147,Bup;,https://www.1177.se/hitta-vard/kontaktkort/Mini-Maria-Barn-och-ungdomspsykiatri-Falun/,1177_api_2026-08-26,2026-08-26
SE2321000180-5SL3,Mini-Maria Barn- och ungdomspsykiatri Mora,Region,Mora lasarett,Mora lasarett,,Mora lasarett,20,61.0162828363321,14.5849490208663,True,0250-49 39 51,+46250493951,Bup;,https://www.1177.se/hitta-vard/kontaktkort/Mini-Maria-Barn-och-ungdomspsykiatri-Mora/,1177_api_2026-08-26,2026-08-26
SE2321000016-HVZF,"Modigo, Odenplan",Privat,"Odengatan 69, STOCKHOLM",Odengatan 69,,STOCKHOLM,01,59.3428452906556,18.0514369896618,True,010-440 61 10,+46104406110,Bup;,https://www.1177.se/hitta-vard/kontaktkort/Modigo-Odenplan/,1177_api_2026-08-26,2026-08-26
SE2321000016-CT6M,"Mottagning Barn Psykisk hälsa Huddinge, Karolinska Universitetssjukhuset",Region,"Hälsovägen 13, Huddinge",Hälsovägen 13,,Huddinge,01,59.2222737191228,17.9376845811228,True,08-123 800 00,+46812380000,Bup;,https://www.1177.se/hitta-vard/kontaktkort/Mottagning-Barn-Psykisk-halsa-Huddinge-Karolinska-Universitetssjukhuset/,1177_api_2026-08-26,2026-08-26
SE2321000131-E000000019232,"NS Psychiatric Consulting, Göteborg",Privat,"Odinsgatan 13, 411 03, Göteborg",Odinsgatan 13,411 03,Göteborg,14,57.7089343040868,11.9810138459479,True,072-243 40 50,+46722434050,Bup;,https://www.1177.se/hitta-vard/kontaktkort/NS-Psychiatric-Consulting-Goteborg/,1177_api_2026-08-26,2026-08-26
SE2321000180-5ND8,OCD-team Dalarna,Region,"Barn: Tingshusgatan 1, Falun, Vuxna: Parkgatan 19, Falun",Barn: Tingshusgatan 1,,Falun,20,60.6072220305149,15.6432841346965,True,023-49 11 31,+4623491131,Bup;,https://www.1177.se/hitta-vard/kontaktkort/OCD-team-Dalarna/,1177_api_2026-08-26,2026-08-26
SE2321000131-E000000007645,"Omtanken Vårdcentral Grimmered, Göteborg",Privat,"Lergöksgatan 2B, 421 50, Västra Frölunda",Lergöksgatan 2B,421 50,Västra Frölunda,14,57.6539065841984,11.9041076702857,True,031-352 06 10,+46313520610,"Diabetesverksamhet, primärvård;1142;Psykologverksamhet, vuxna;1411;Vårdcentral;100002;Barnavårdscentral;;Bup;;Hälsocentral;",https://www.1177.se/hitta-vard/kontaktkort/Omtanken-Vardcentral-Grimmered-Goteborg/,1177_api_2026-08-26,2026-08-26
SE2321000131-E000000011951,"Omtanken Vårdcentral Åby, Mölndal",Privat,"Katrinebergsgatan 1, 431 61, Mölndal",Katrinebergsgatan 1,431 61,Mölndal,14,57.6482191119131,12.016630155811,True,031-380 48 41,+46313804841,"Diabetesverksamhet, primärvård;1142;Psykologverksamhet, vuxna;1411;Vårdcentral;100002;Barnavårdscentral;;Bup;;Hälsocentral;",https://www.1177.se/hitta-vard/kontaktkort/Omtanken-Vardcentral-Aby-Molndal/,1177_api_2026-08-26,2026-08-26
SE2321000016-14VF,PRIMA barn och ungdomspsykiatri Handen,Privat,"Handenterminalen 2, HANDEN",Handenterminalen 2,,HANDEN,01,59.1682690633672,18.1359333989935,True,08-410 607 00,+46841060700,Bup;,https://www.1177.se/hitta-vard/kontaktkort/PRIMA-barn-och-ungdomspsykiatri-Handen/,1177_api_2026-08-26,2026-08-26
SE2321000016-7V31,PRIMA barn- och ungdomspsykiatri Järva,Privat,"Rinkebysvängen 70C, SPÅNGA",Rinkebysvängen 70C,,SPÅNGA,01,59.3863728032366,17.9378225935032,True,08-410 607 10,+46841060710,Bup;,https://www.1177.se/hitta-vard/kontaktkort/PRIMA-barn-och-ungdomspsykiatri-Jarva/,1177_api_2026-08-26,2026-08-26
SE2321000065-7330028653104,"Prio Care BUP Ljungby, Ljungby",Privat,"Smedjegatan 3, Ljungby",Smedjegatan 3,,Ljungby,07,56.8334584485213,13.941796294595,True,010-300 11 36,+46103001136,Bup;,https://www.1177.se/hitta-vard/kontaktkort/Prio-Care-BUP-Ljungby-Ljungby/,1177_api_2026-08-26,2026-08-26
SE2321000065-7330028614099,Psykiatripartners barn och unga Ljungby,Privat,"Gängesvägen 12 C, 341 31 Ljungby",Gängesvägen 12 C,341 31,Ljungby,07,56.8265527823269,13.9340958466851,True,010-288 25 00,+46102882500,Bup;,https://www.1177.se/hitta-vard/kontaktkort/Psykiatripartners-barn-och-unga-Ljungby/,1177_api_2026-08-26,2026-08-26
SE2321000065-7330028528747,"Psykiatripartners barn och unga Växjö, I11-området",Privat,Honnörsgatan 12 vån 3,Honnörsgatan 12 vån 3,,Honnörsgatan 12 vån 3,07,56.8782128727583,14.7798339633239,True,010-288 25 00,+46102882500,Bup;,https://www.1177.se/hitta-vard/kontaktkort/Psykiatripartners-barn-och-unga-Vaxjo-I11-omradet/,1177_api_2026-08-26,2026-08-26
SE2321000164-7381037593646,"Psykiatrisk fysioterapimottagning, Örebro",Region,"Psykiatriska fysioterapimottagningen, Karlahuset   Folkungagatan 33, 70342 Örebro",Psykiatriska fysioterapimottagningen,703 42,Örebro,18,59.2759502928917,15.1974001479476,True,019-602 90 46,+46196029046,Bup;,https://www.1177.se/hitta-vard/kontaktkort/Psykiatrisk-fysioterapimottagning-Orebro/,1177_api_2026-08-26,2026-08-26
SE2321000016-5PLL,"Psykiatrisk heldygnsvård, Gotland",Region,"Norra hansegatan 4, VISBY",Norra hansegatan 4,,VISBY,09,57.6386170249719,18.3081029328994,True,0498-26 86 47,+46498268647,Bup;,https://www.1177.se/hitta-vard/kontaktkort/Psykiatrisk-heldygnsvard-Gotland/,1177_api_2026-08-26,2026-08-26
SE2321000222-0000179,Psykiatrisk mottagning unga vuxna Skellefteå,Region,"Högströmsgatan 16, 931 33 Skellefteå",Högströmsgatan 16,931 33,Skellefteå,24,64.7544973830922,20.9392915303315,True,090-785 93 94,+46907859394,Bup;,https://www.1177.se/hitta-vard/kontaktkort/Psykiatrisk-mottagning-unga-vuxna-Skelleftea/,1177_api_2026-08-26,2026-08-26
SE2321000057-4PVB,Psykiatriska akutenheten Länssjukhuset Ryhov,Region,"Psykiatrivägen, Jönköping, hus D5",Psykiatrivägen,,hus D5,06,57.7671057775575,14.1970083862966,True,010-242 30 10,+46102423010,Bup;,https://www.1177.se/hitta-vard/kontaktkort/Psykiatriska-akutenheten-Lanssjukhuset-Ryhov/,1177_api_2026-08-26,2026-08-26
SE2321000164-7381037593608,Psykiatriska DBT-mottagningen Örebro,Region,"Skolgatan 38 C, Örebro",Skolgatan 38 C,,Örebro,18,59.2794417153496,15.2247726769597,True,019-602 90 60,+46196029060,"Psykologverksamhet, barn och ungdom;1033;Bup;",https://www.1177.se/hitta-vard/kontaktkort/Psykiatriska-DBT-mottagningen-Orebro/,1177_api_2026-08-26,2026-08-26
SE2321000131-E000000020452,Psykisk hälsa småbarn Mariestad,Region,"Lockerudsvägen 12 A, 542 45, Mariestad",Lockerudsvägen 12 A,542 45,Mariestad,14,58.7036736258463,13.7961943100137,True,010-473 92 25,+46104739225,Bup;,https://www.1177.se/hitta-vard/kontaktkort/Psykisk-halsa-smabarn-Mariestad/,1177_api_2026-08-26,2026-08-26
SE2321000131-E000000020433,Psykisk hälsa småbarn Skövde,Region,"Lövängsvägen 1, 549 49, Skövde",Lövängsvägen 1,549 49,Skövde,14,58.4268537752739,13.8520408400991,True,010-473 92 25,+46104739225,"Psykologverksamhet, barn och ungdom;1033;Bup;",https://www.1177.se/hitta-vard/kontaktkort/Psykisk-halsa-smabarn-Skovde/,1177_api_2026-08-26,2026-08-26
SE2321000032-4ZBD,"Samtalsmottagningen Barn och Unga Eskilstuna, Eskilstuna",Region,"Kjulavägen 3, Eskilstuna",Kjulavägen 3,,Eskilstuna,04,59.3741841502107,16.5293218801045,True,010-492 58 28,+46104925828,Bup;,https://www.1177.se/hitta-vard/kontaktkort/Samtalsmottagningen-Barn-och-Unga-Eskilstuna-Eskilstuna/,1177_api_2026-08-26,2026-08-26
SE2321000032-523L,"Samtalsmottagningen Barn och Unga Flen, Flen",Region,"Familjecentralen, Storgatan 21, 642 37 Flen",Familjecentralen,642 37,Flen,04,59.0580421240848,16.5787180599254,True,010-492 58 28,+46104925828,Bup;,https://www.1177.se/hitta-vard/kontaktkort/Samtalsmottagningen-Barn-och-Unga-Flen-Flen/,1177_api_2026-08-26,2026-08-26
SE2321000032-4ZLZ,"Samtalsmottagningen Barn och Unga Katrineholm, Katrineholm",Region,"Kullbergska sjukhuset, Djulögatan 72",Kullbergska sjukhuset,,Djulögatan 72,04,58.990925508893,16.2205046550707,True,010-492 58 28,+46104925828,Bup;,https://www.1177.se/hitta-vard/kontaktkort/Samtalsmottagningen-Barn-och-Unga-Katrineholm-Katrineholm/,1177_api_2026-08-26,2026-08-26
SE2321000032-4ZBF,"Samtalsmottagningen Barn och Unga Nyköping, Nyköping",Region,"Repslagaregatan 43, Nyköping",Repslagaregatan 43,,Nyköping,04,58.755466009922,17.0077865972404,True,010-492 58 28,+46104925828,Bup;,https://www.1177.se/hitta-vard/kontaktkort/Samtalsmottagningen-Barn-och-Unga-Nykoping-Nykoping/,1177_api_2026-08-26,2026-08-26
SE2321000032-5DPR,"Samtalsmottagningen Barn och Unga Oxelösund, Oxelösund",Region,Södra Malmgatan 16,Södra Malmgatan 16,,Södra Malmgatan 16,04,58.6736987990984,17.1077272308985,True,010-492 58 28,+46104925828,Bup;,https://www.1177.se/hitta-vard/kontaktkort/Samtalsmottagningen-Barn-och-Unga-Oxelosund-Oxelosund/,1177_api_2026-08-26,2026-08-26
SE2321000032-4ZM0,"Samtalsmottagningen Barn och Unga Strängnäs, Strängnäs",Region,"Kaserntorget 1, Strängnäs",Kaserntorget 1,,Strängnäs,04,59.3846283495027,17.0072899748149,True,010-492 58 28,+46104925828,Bup;,https://www.1177.se/hitta-vard/kontaktkort/Samtalsmottagningen-Barn-och-Unga-Strangnas-Strangnas/,1177_api_2026-08-26,2026-08-26
SE2321000032-55MQ,"Samtalsmottagningen Barn och Unga Vingåker, Vingåker",Region,"Vingåkers vårdcentral, Östra torggatan 3, Vingåker",Vingåkers vårdcentral,,Vingåker,04,59.0291139933447,15.8698734387504,True,010-492 58 28,+46104925828,Bup;,https://www.1177.se/hitta-vard/kontaktkort/Samtalsmottagningen-Barn-och-Unga-Vingaker-Vingaker/,1177_api_2026-08-26,2026-08-26
SE2321000131-E000000008581,"Specialistcentrum Barn och Unga Angered, Angered",Region,"Halmtorget 1, 42465, Angered",Halmtorget 1,424 65,Angered,14,57.796880603536,12.0480991966291,True,031-332 69 01,+46313326901,"Psykologverksamhet, barn och ungdom;1033;Bup;",https://www.1177.se/hitta-vard/kontaktkort/Specialistcentrum-Barn-och-Unga-Angered-Angered/,1177_api_2026-08-26,2026-08-26
SE2321000131-E000000008133,"Specialistcentrum Barn och Unga Gamlestaden, Göteborg",Region,"Byfogdegatan 3D, 415 05, Göteborg",Byfogdegatan 3D,415 05,Göteborg,14,57.7253628855637,12.0096332301971,True,031-345 08 80,+46313450880,"Psykologverksamhet, barn och ungdom;1033;Bup;",https://www.1177.se/hitta-vard/kontaktkort/Specialistcentrum-Barn-och-Unga-Gamlestaden-Goteborg/,1177_api_2026-08-26,2026-08-26
SE162321000024-0081200,"Team Maria Håbo - Enköping, Enköping",Region,"Linbanegatan 8, Enköping",Linbanegatan 8,,Enköping,03,59.6457543517937,17.0781811857246,True,0171-41 83 80,+46171418380,Bup;,https://www.1177.se/hitta-vard/kontaktkort/Team-Maria-Habo-Enkoping-Enkoping/,1177_api_2026-08-26,2026-08-26
SE162321000024-0081201,Team Maria Uppsala,Region,"Kungsgatan 57 B, Uppsala",Kungsgatan 57 B,,Uppsala,03,59.8585951701643,17.6436265968693,True,018-611 24 10,+46186112410,Bup;,https://www.1177.se/hitta-vard/kontaktkort/Team-Maria-Uppsala/,1177_api_2026-08-26,2026-08-26
SE2321000180-512C,Traumacenter Dalarna,Region,"Parkgatan 19, Falu lasarett",Parkgatan 19,,Falu lasarett,20,60.6068532183156,15.6425922484418,True,0243-49 76 31,+46243497631,Bup;,https://www.1177.se/hitta-vard/kontaktkort/Traumacenter-Dalarna/,1177_api_2026-08-26,2026-08-26
SE2321000040-7KV9,"Traumamottagningen, BUP Traumaenheterna Linköping",Region,"Apotekaregatan 11, Linköping",Apotekaregatan 11,,Linköping,05,58.4105679499387,15.6197082727747,True,010-105 96 75,+46101059675,Bup;,https://www.1177.se/hitta-vard/kontaktkort/Traumamottagningen-BUP-Traumaenheterna-Linkoping/,1177_api_2026-08-26,2026-08-26
SE162321000024-0081277,"Ulf Gustavsson Psykoterapimottagning, Uppsala",Privat,"Smedsgränd 2B, Uppsala",Smedsgränd 2B,,Uppsala,03,59.85775270908,17.6390107817289,True,070-769 86 21,+46707698621,Bup;,https://www.1177.se/hitta-vard/kontaktkort/Ulf-Gustavsson-Psykoterapimottagning-Uppsala/,1177_api_2026-08-26,2026-08-26
SE2321000115-O70598,Ungas psykiska hälsa Halmstad,Region,"Sperlingsgatan 7, Halmstad",Sperlingsgatan 7,,Halmstad,13,56.675170499028,12.869212636265,True,010-476 19 55,+46104761955,"Psykologverksamhet, barn och ungdom;1033;Bup;",https://www.1177.se/hitta-vard/kontaktkort/Ungas-psykiska-halsa-Halmstad/,1177_api_2026-08-26,2026-08-26
SE2321000115-O22406,Ungas psykiska hälsa Kungsbacka,Region,"Kraftvägen 2, Kungsbacka",Kraftvägen 2,,Kungsbacka,13,57.5031966337589,12.0795434025054,True,010-476 19 55,+46104761955,"Psykologverksamhet, barn och ungdom;1033;Bup;",https://www.1177.se/hitta-vard/kontaktkort/Ungas-psykiska-halsa-Kungsbacka/,1177_api_2026-08-26,2026-08-26
SE2321000115-O27704,Ungas psykiska hälsa Varberg,Region,"Svärdfiskgatan 4, Varberg",Svärdfiskgatan 4,,Varberg,13,57.117485512227,12.2548540603959,True,010-476 19 55,+46104761955,"Psykologverksamhet, barn och ungdom;1033;Bup;",https://www.1177.se/hitta-vard/kontaktkort/Ungas-psykiska-halsa-Varberg/,1177_api_2026-08-26,2026-08-26
SE162321000255-O23622,Vuxenpsykiatrimottagning emotionell instabilitet Malmö,Region,"Ahlmansgatan 1, Malmö",Ahlmansgatan 1,,Malmö,12,55.5891808891667,13.0069626222648,True,040-33 68 94,+4640336894,Bup;,https://www.1177.se/hitta-vard/kontaktkort/Vuxenpsykiatrimottagning-emotionell-instabilitet-Malmo/,1177_api_2026-08-26,2026-08-26
SE2321000065-7330028614938,"Wemind BUP Växjö, Växjö",Privat,Västra esplanaden 3,Västra esplanaden 3,,Västra esplanaden 3,07,56.8787372919453,14.8012576999461,True,0470-73 71 50,+46470737150,Bup;,https://www.1177.se/hitta-vard/kontaktkort/Wemind-BUP-Vaxjo-Vaxjo/,1177_api_2026-08-26,2026-08-26
SE165567766992-2J6D,WeMind Jönköping,Privat,"Tegnérgatan 5, Jönköping",Tegnérgatan 5,,Jönköping,06,57.7775360462872,14.158890433417,True,036-440 43 00,+46364404300,Bup;,https://www.1177.se/hitta-vard/kontaktkort/WeMind-Jonkoping/,1177_api_2026-08-26,2026-08-26
SE2321000180-4H0J,Ätstörningsenhet Tornet Barn- och ungdom Falun,Region,"Psilanders väg 4, hus 18 plan 3, Falun",Psilanders väg 4,,Falun,20,60.6097985847994,15.6439284348065,True,023-49 23 32,+4623492332,Bup;,https://www.1177.se/hitta-vard/kontaktkort/Atstorningsenhet-Tornet-Barn-och-ungdom-Falun/,1177_api_2026-08-26,2026-08-26
SE2321000172-1823,"Ätstörningsenheten, Västerås",Region,"Västmanlands sjukhus Västerås, Ingång 22, Adelsögatan 47, Västerås",Västmanlands sjukhus Västerås,,Västerås,19,59.6205003000957,16.5877841741258,True,021-17 62 80,+4621176280,Bup;,https://www.1177.se/hitta-vard/kontaktkort/Atstorningsenheten-Vasteras/,1177_api_2026-08-26,2026-08-26
SE2321000081-a3321,"Ätstörningsmottagning, Karlskrona",Region,"Blekingesjukhuset, Friskvägen, hus 9, 371 85 Karlskrona. Endast förbokade besök.",Blekingesjukhuset,371 85,Karlskrona. Endast förbokade besök.,10,56.1815831020046,15.6027059384177,True,0455-73 60 14,+46455736014,Bup;,https://www.1177.se/hitta-vard/kontaktkort/Atstorningsmottagning-Karlskrona/,1177_api_2026-08-26,2026-08-26
SE2321000164-7381037593967,"Ätstörningsmottagningen Örebro, Örebro",Region,"Eriksbergsgatan 4, Örebro",Eriksbergsgatan 4,,Örebro,18,59.239063466088,15.1654515789011,True,019-602 28 87,+46196022887,"Psykologverksamhet, barn och ungdom;1033;Bup;",https://www.1177.se/hitta-vard/kontaktkort/Atstorningsmottagningen-Orebro-Orebro/,1177_api_2026-08-26,2026-08-26
